"fuerofederal_ultimafecha","fuerofederal_ultimapais","fuerofederal_ultimaentidad","fuerofederal_ultimaentidadcve","fuerofederal_ultimampio","fuerofederal_ultimampiocve","fuerofederal_paisnac","fuerofederal_nacionalidad","fuerofederal_sexo","fuerofederal_edad","fuerofederal_tipolugar","fuerofederal_autoridad","fuerofederal_fechadenuncia","fuerofederal_entidad","date","tipo"
"NO DISPONIBLE","MEXICO","VERACRUZ","30","COATZACOALCOS","2109","MEXICO","MEXICO","HOMBRE","NO DISPONIBLE","DESCONOCIDO","AGENTE DEL MINISTERIO PUBLICO DE LA FEDERACION","17/12/2014","DISTRITO FEDERAL",NA,"federal"
"NO DISPONIBLE","MEXICO","VERACRUZ","30","VERACRUZ","2263","MEXICO","MEXICO","HOMBRE","NO DISPONIBLE","VÍA PÚBLICA","AGENTE DEL MINISTERIO PUBLICO DE LA FEDERACION","17/10/2014","VERACRUZ",NA,"federal"
"NO DISPONIBLE","MEXICO","GUERRERO","12","COCULA","383","MEXICO","MEXICO","HOMBRE","NO DISPONIBLE","DESCONOCIDO","AGENTE DEL MINISTERIO PUBLICO DE LA FEDERACION","26/11/2014","DISTRITO FEDERAL",NA,"federal"
"NO DISPONIBLE","MEXICO","VERACRUZ","30","COATZACOALCOS","2109","MEXICO","MEXICO","HOMBRE","NO DISPONIBLE","DESCONOCIDO","AGENTE DEL MINISTERIO PUBLICO DE LA FEDERACION","17/12/2014","DISTRITO FEDERAL",NA,"federal"
"NO DISPONIBLE","MEXICO","VERACRUZ","30","COATZACOALCOS","2109","MEXICO","MEXICO","HOMBRE","NO DISPONIBLE","DESCONOCIDO","AGENTE DEL MINISTERIO PUBLICO DE LA FEDERACION","17/12/2014","DISTRITO FEDERAL",NA,"federal"
"NO DISPONIBLE","MEXICO","VERACRUZ","30","VERACRUZ","2263","MEXICO","MEXICO","HOMBRE","NO DISPONIBLE","VÍA PÚBLICA","AGENTE DEL MINISTERIO PUBLICO DE LA FEDERACION","17/10/2014","VERACRUZ",NA,"federal"
"NO DISPONIBLE","MEXICO","VERACRUZ","30","COATZACOALCOS","2109","MEXICO","MEXICO","HOMBRE","NO DISPONIBLE","DESCONOCIDO","AGENTE DEL MINISTERIO PUBLICO DE LA FEDERACION","17/12/2014","DISTRITO FEDERAL",NA,"federal"
"NO DISPONIBLE","MEXICO","VERACRUZ","30","COATZACOALCOS","2109","MEXICO","MEXICO","HOMBRE","NO DISPONIBLE","DESCONOCIDO","AGENTE DEL MINISTERIO PUBLICO DE LA FEDERACION","17/12/2014","DISTRITO FEDERAL",NA,"federal"
"31/12/2013","MEXICO","TLAXCALA","29","PAPALOTLA DE XICOHTENCATL","2051","MEXICO","MEXICO","MUJER","16"," ","AGENTE DEL MINISTERIO PUBLICO DE LA FEDERACION","30/01/2014","DISTRITO FEDERAL",2013-12-31,"federal"
"31/08/2013","MEXICO","VERACRUZ","30","XALAPA","2157","COLOMBIA","COLOMBIA","HOMBRE","NO DISPONIBLE","DESCONOCIDO","AGENTE DEL MINISTERIO PUBLICO DE LA FEDERACION","08/12/2014","DISTRITO FEDERAL",2013-08-31,"federal"
"31/07/2012","MEXICO","MICHOACAN","16","MORELIA","825","MEXICO","MEXICO","HOMBRE","NO DISPONIBLE","CARRETERA","AGENTE DEL MINISTERIO PUBLICO DE LA FEDERACION","20/08/2014","DISTRITO FEDERAL",2012-07-31,"federal"
"31/03/2014","MEXICO","JALISCO","14","MAZAMITLA","585","MEXICO","MEXICO","HOMBRE","NO DISPONIBLE","DESCONOCIDO","AGENTE DEL MINISTERIO PUBLICO DE LA FEDERACION","07/04/2014","DISTRITO FEDERAL",2014-03-31,"federal"
"31/01/2014","MEXICO","TAMAULIPAS","28","ABASOLO","1968","MEXICO","MEXICO","HOMBRE","0","DESCONOCIDO","AGENTE DEL MINISTERIO PUBLICO DE LA FEDERACION","23/10/2014","TAMAULIPAS",2014-01-31,"federal"
"30/11/2013","MEXICO","MICHOACAN","16","MORELIA","825","COLOMBIA","COLOMBIA","MUJER","31","DESCONOCIDO","AGENTE DEL MINISTERIO PUBLICO DE LA FEDERACION","15/05/2014","DISTRITO FEDERAL",2013-11-30,"federal"
"30/10/2014","MEXICO","TAMAULIPAS","28","REYNOSA","1999","MEXICO","MEXICO","HOMBRE","0","VÍA PÚBLICA","AGENTE DEL MINISTERIO PUBLICO DE LA FEDERACION","07/01/2015","TAMAULIPAS",2014-10-30,"federal"
"30/09/2014","MEXICO","TAMAULIPAS","28","REYNOSA","1999","MEXICO","MEXICO","HOMBRE","0","DESCONOCIDO","AGENTE DEL MINISTERIO PUBLICO DE LA FEDERACION","02/10/2014","TAMAULIPAS",2014-09-30,"federal"
"30/09/2013","MEXICO","VERACRUZ","30","LA ANTIGUA","2086","MEXICO","MEXICO","MUJER","NO DISPONIBLE"," ","AGENTE DEL MINISTERIO PUBLICO DE LA FEDERACION","21/10/2014","VERACRUZ",2013-09-30,"federal"
"30/09/2013","MEXICO","VERACRUZ","30","LA ANTIGUA","2086","MEXICO","MEXICO","HOMBRE","31","VÍA PÚBLICA","AGENTE DEL MINISTERIO PUBLICO DE LA FEDERACION","21/10/2014","VERACRUZ",2013-09-30,"federal"
"30/08/2008","MEXICO","GUERRERO","12","IGUALA DE LA INDEPENDENCIA","401","MEXICO","MEXICO","HOMBRE","NO DISPONIBLE","DESCONOCIDO","AGENTE DEL MINISTERIO PUBLICO DE LA FEDERACION","02/12/2014","DISTRITO FEDERAL",2008-08-30,"federal"
"30/08/2008","MEXICO","GUERRERO","12","IGUALAPA","402","MEXICO","MEXICO","HOMBRE","NO DISPONIBLE","DESCONOCIDO","AGENTE DEL MINISTERIO PUBLICO DE LA FEDERACION","02/12/2014","DISTRITO FEDERAL",2008-08-30,"federal"
"30/07/2013","MEXICO","TAMAULIPAS","28","MATAMOROS","1989","MEXICO","MEXICO","MUJER","34","DESCONOCIDO","AGENTE DEL MINISTERIO PUBLICO DE LA FEDERACION","29/10/2014","DISTRITO FEDERAL",2013-07-30,"federal"
"30/06/2014","MEXICO","TAMAULIPAS","28","MATAMOROS","1989","MEXICO","MEXICO","HOMBRE","16"," ","AGENTE DEL MINISTERIO PUBLICO DE LA FEDERACION","12/08/2014","TAMAULIPAS",2014-06-30,"federal"
"30/05/2013","MEXICO","GUERRERO","12","IGUALA DE LA INDEPENDENCIA","401","MEXICO","MEXICO","HOMBRE","20","DESCONOCIDO","AGENTE DEL MINISTERIO PUBLICO DE LA FEDERACION","02/12/2014","DISTRITO FEDERAL",2013-05-30,"federal"
"30/04/2014","MEXICO","MICHOACAN","16","ZAMORA","880","MEXICO","MEXICO","HOMBRE","42","VÍA PÚBLICA","AGENTE DEL MINISTERIO PUBLICO DE LA FEDERACION","04/09/2014","DISTRITO FEDERAL",2014-04-30,"federal"
"30/04/2014","MEXICO","MEXICO","15","CHALCO","675","MEXICO","MEXICO","MUJER","18"," ","AGENTE DEL MINISTERIO PUBLICO DE LA FEDERACION","12/05/2014","DISTRITO FEDERAL",2014-04-30,"federal"
"30/03/2012","MEXICO","TAMAULIPAS","28","REYNOSA","1999","MEXICO","MEXICO","HOMBRE","22"," ","AGENTE DEL MINISTERIO PUBLICO DE LA FEDERACION","19/06/2014","TAMAULIPAS",2012-03-30,"federal"
"30/03/2010","MEXICO","SAN LUIS POTOSI","24","SAN LUIS POTOSI","1830","MEXICO","MEXICO","HOMBRE","30","LOCAL COMERCIAL","AGENTE DEL MINISTERIO PUBLICO DE LA FEDERACION","28/10/2014","DISTRITO FEDERAL",2010-03-30,"federal"
"30/01/2014","MEXICO","VERACRUZ","30","XALAPA","2157","MEXICO","MEXICO","HOMBRE","NO DISPONIBLE","DESCONOCIDO","AGENTE DEL MINISTERIO PUBLICO DE LA FEDERACION","19/05/2014","VERACRUZ",2014-01-30,"federal"
"30/01/2014","MEXICO","VERACRUZ","30","XALAPA","2157","MEXICO","MEXICO","HOMBRE","NO DISPONIBLE","DESCONOCIDO","AGENTE DEL MINISTERIO PUBLICO DE LA FEDERACION","19/05/2014","VERACRUZ",2014-01-30,"federal"
"29/11/2014","MEXICO","DISTRITO FEDERAL","9","AZCAPOTZALCO","266","COLOMBIA","COLOMBIA","HOMBRE","59","DESCONOCIDO","AGENTE DEL MINISTERIO PUBLICO DE LA FEDERACION","12/01/2015","DISTRITO FEDERAL",2014-11-29,"federal"
"29/09/2014","MEXICO","DISTRITO FEDERAL","9","CUAUHTEMOC","279","MEXICO","MEXICO","HOMBRE","NO DISPONIBLE","DESCONOCIDO","AGENTE DEL MINISTERIO PUBLICO DE LA FEDERACION","29/09/2014","DISTRITO FEDERAL",2014-09-29,"federal"
"29/09/2014","MEXICO","DISTRITO FEDERAL","9","CUAUHTEMOC","279","MEXICO","MEXICO","HOMBRE","NO DISPONIBLE","INMUEBLE (OTROS)","AGENTE DEL MINISTERIO PUBLICO DE LA FEDERACION","29/09/2014","DISTRITO FEDERAL",2014-09-29,"federal"
"29/09/2014","EXTRANJERO","EXTRANJERO","34","EXTRANJERO","2445","GUATEMALA","GUATEMALA","MUJER","16","CASA HABITACIÓN","AGENTE DEL MINISTERIO PUBLICO DE LA FEDERACION","07/10/2014","DISTRITO FEDERAL",2014-09-29,"federal"
"29/09/2014","MEXICO","DISTRITO FEDERAL","9","CUAUHTEMOC","279","MEXICO","MEXICO","HOMBRE","NO DISPONIBLE","DESCONOCIDO","AGENTE DEL MINISTERIO PUBLICO DE LA FEDERACION","29/09/2014","DISTRITO FEDERAL",2014-09-29,"federal"
"29/09/2014","MEXICO","DISTRITO FEDERAL","9","CUAUHTEMOC","279","MEXICO","MEXICO","HOMBRE","NO DISPONIBLE","DESCONOCIDO","AGENTE DEL MINISTERIO PUBLICO DE LA FEDERACION","29/09/2014","DISTRITO FEDERAL",2014-09-29,"federal"
"29/04/2014","MEXICO","MEXICO","15","TEZOYUCA","750","MEXICO","MEXICO","MUJER","9"," ","AGENTE DEL MINISTERIO PUBLICO DE LA FEDERACION","19/08/2014","DISTRITO FEDERAL",2014-04-29,"federal"
"29/04/2012","MEXICO","GUERRERO","12","IGUALA DE LA INDEPENDENCIA","401","MEXICO","MEXICO","HOMBRE","47","DESCONOCIDO","AGENTE DEL MINISTERIO PUBLICO DE LA FEDERACION","02/12/2014","DISTRITO FEDERAL",2012-04-29,"federal"
"29/03/2014","MEXICO","DISTRITO FEDERAL","9","VENUSTIANO CARRANZA","281","MEXICO","MEXICO","MUJER","17"," ","AGENTE DEL MINISTERIO PUBLICO DE LA FEDERACION","29/03/2014","DISTRITO FEDERAL",2014-03-29,"federal"
"29/03/2013","MEXICO","COAHUILA","5","PARRAS","56","MEXICO","MEXICO","MUJER","NO DISPONIBLE","CASA HABITACIÓN","AGENTE DEL MINISTERIO PUBLICO DE LA FEDERACION","15/08/2014","DISTRITO FEDERAL",2013-03-29,"federal"
"29/03/2013","MEXICO","COAHUILA","5","PARRAS","56","MEXICO","MEXICO","HOMBRE","NO DISPONIBLE","CASA HABITACIÓN","AGENTE DEL MINISTERIO PUBLICO DE LA FEDERACION","15/08/2014","DISTRITO FEDERAL",2013-03-29,"federal"
"28/12/1998","MEXICO","DISTRITO FEDERAL","9","IZTAPALAPA","271","MEXICO","MEXICO","MUJER","20"," ","AGENTE DEL MINISTERIO PUBLICO DE LA FEDERACION","12/08/2014","DISTRITO FEDERAL",1998-12-28,"federal"
"28/11/2014","MEXICO","MEXICO","15","ACAMBAY","651","MEXICO","MEXICO","MUJER","22","VÍA PÚBLICA","AGENTE DEL MINISTERIO PUBLICO DE LA FEDERACION","04/12/2014","DISTRITO FEDERAL",2014-11-28,"federal"
"28/11/2014","MEXICO","TAMAULIPAS","28","NUEVO LAREDO","1994","HONDURAS","HONDURAS","HOMBRE","0","DESCONOCIDO","AGENTE DEL MINISTERIO PUBLICO DE LA FEDERACION","28/11/2014","TAMAULIPAS",2014-11-28,"federal"
"28/09/2006","MEXICO","HIDALGO","13","TULA DE ALLENDE","518","MEXICO","MEXICO","HOMBRE","21","DESCONOCIDO","AGENTE DEL MINISTERIO PUBLICO DE LA FEDERACION","10/11/2014","DISTRITO FEDERAL",2006-09-28,"federal"
"28/08/2011","MEXICO","VERACRUZ","30","VERACRUZ","2263","MEXICO","MEXICO","MUJER","2","CARRETERA","AGENTE DEL MINISTERIO PUBLICO DE LA FEDERACION","07/03/2014","DISTRITO FEDERAL",2011-08-28,"federal"
"28/06/2011","MEXICO","NUEVO LEON","19","SABINAS HIDALGO","982","MEXICO","MEXICO","MUJER","NO DISPONIBLE","CARRETERA","AGENTE DEL MINISTERIO PUBLICO DE LA FEDERACION","04/03/2014","DISTRITO FEDERAL",2011-06-28,"federal"
"28/02/2014","MEXICO","MEXICO","15","LA PAZ","720","MEXICO","MEXICO","MUJER","2","CASA HABITACIÓN","AGENTE DEL MINISTERIO PUBLICO DE LA FEDERACION","04/03/2014","DISTRITO FEDERAL",2014-02-28,"federal"
"28/01/2014","MEXICO","QUINTANA ROO","23","COZUMEL","1795","COLOMBIA","COLOMBIA","HOMBRE","31","DESCONOCIDO","AGENTE DEL MINISTERIO PUBLICO DE LA FEDERACION","07/10/2014","DISTRITO FEDERAL",2014-01-28,"federal"
"27/11/2014","MEXICO","DISTRITO FEDERAL","9","LA MAGDALENA CONTRERAS","272","MEXICO","MEXICO","HOMBRE","24","DESCONOCIDO","AGENTE DEL MINISTERIO PUBLICO DE LA FEDERACION","02/12/2014","DISTRITO FEDERAL",2014-11-27,"federal"
"27/10/2013","MEXICO","TAMAULIPAS","28","EL MANTE","1988","MEXICO","MEXICO","HOMBRE","38","INMUEBLE (OTROS)","AGENTE DEL MINISTERIO PUBLICO DE LA FEDERACION","22/01/2014","DISTRITO FEDERAL",2013-10-27,"federal"
"27/09/2008","MEXICO","NUEVO LEON","19","MONTERREY","977","MEXICO","MEXICO","HOMBRE","23","DESCONOCIDO","AGENTE DEL MINISTERIO PUBLICO DE LA FEDERACION","08/10/2014","DISTRITO FEDERAL",2008-09-27,"federal"
"27/08/2013","MEXICO","MICHOACAN","16","APATZINGAN","778","MEXICO","MEXICO","HOMBRE","41","INMUEBLE (OTROS)","AGENTE DEL MINISTERIO PUBLICO DE LA FEDERACION","15/10/2014","DISTRITO FEDERAL",2013-08-27,"federal"
"27/06/2013","MEXICO","HIDALGO","13","PACHUCA DE SOTO","490","MEXICO","MEXICO","MUJER","15","VÍA PÚBLICA","AGENTE DEL MINISTERIO PUBLICO DE LA FEDERACION","14/08/2014","DISTRITO FEDERAL",2013-06-27,"federal"
"27/06/2013","MEXICO","TAMAULIPAS","28","REYNOSA","1999","MEXICO","MEXICO","HOMBRE","38","HOTEL O SIMILARES","AGENTE DEL MINISTERIO PUBLICO DE LA FEDERACION","06/01/2014","DISTRITO FEDERAL",2013-06-27,"federal"
"27/05/2014","MEXICO","DISTRITO FEDERAL","9","GUSTAVO A. MADERO","269","COLOMBIA","COLOMBIA","HOMBRE","34","DESCONOCIDO","AGENTE DEL MINISTERIO PUBLICO DE LA FEDERACION","08/10/2014","DISTRITO FEDERAL",2014-05-27,"federal"
"27/03/2014","MEXICO","JALISCO","14","SAN GABRIEL","639","MEXICO","MEXICO","HOMBRE","26","INMUEBLE (OTROS)","AGENTE DEL MINISTERIO PUBLICO DE LA FEDERACION","19/06/2014","DISTRITO FEDERAL",2014-03-27,"federal"
"26/12/2013","MEXICO","GUERRERO","12","ACAPULCO DE JUAREZ","367","MEXICO","MEXICO","HOMBRE","29","DESCONOCIDO","AGENTE DEL MINISTERIO PUBLICO DE LA FEDERACION","02/12/2014","DISTRITO FEDERAL",2013-12-26,"federal"
"26/11/2014","MEXICO","MEXICO","15","CUAUTITLAN","674","MEXICO","MEXICO","MUJER","15","VÍA PÚBLICA","AGENTE DEL MINISTERIO PUBLICO DE LA FEDERACION","28/11/2014","DISTRITO FEDERAL",2014-11-26,"federal"
"26/11/2014","MEXICO","MEXICO","15","CUAUTITLAN","674","MEXICO","MEXICO","MUJER","15","VÍA PÚBLICA","AGENTE DEL MINISTERIO PUBLICO DE LA FEDERACION","28/11/2014","DISTRITO FEDERAL",2014-11-26,"federal"
"26/11/2012","MEXICO","MEXICO","15","METEPEC","704","MEXICO","MEXICO","MUJER","34","CASA HABITACIÓN","AGENTE DEL MINISTERIO PUBLICO DE LA FEDERACION","15/10/2014","DISTRITO FEDERAL",2012-11-26,"federal"
"26/09/2014","MEXICO","GUERRERO","12","IGUALA DE LA INDEPENDENCIA","401","MEXICO","MEXICO","HOMBRE","17","VÍA PÚBLICA","AGENTE DEL MINISTERIO PUBLICO DE LA FEDERACION","06/10/2014","DISTRITO FEDERAL",2014-09-26,"federal"
"26/09/2014","MEXICO","GUERRERO","12","IGUALA DE LA INDEPENDENCIA","401","MEXICO","MEXICO","HOMBRE","24","VÍA PÚBLICA","AGENTE DEL MINISTERIO PUBLICO DE LA FEDERACION","06/10/2014","DISTRITO FEDERAL",2014-09-26,"federal"
"26/09/2014","MEXICO","GUERRERO","12","IGUALA DE LA INDEPENDENCIA","401","MEXICO","MEXICO","HOMBRE","19","VÍA PÚBLICA","AGENTE DEL MINISTERIO PUBLICO DE LA FEDERACION","06/10/2014","DISTRITO FEDERAL",2014-09-26,"federal"
"26/09/2014","MEXICO","GUERRERO","12","IGUALA DE LA INDEPENDENCIA","401","MEXICO","MEXICO","HOMBRE","20","VÍA PÚBLICA","AGENTE DEL MINISTERIO PUBLICO DE LA FEDERACION","06/10/2014","DISTRITO FEDERAL",2014-09-26,"federal"
"26/09/2014","MEXICO","GUERRERO","12","IGUALA DE LA INDEPENDENCIA","401","MEXICO","MEXICO","HOMBRE","19","VÍA PÚBLICA","AGENTE DEL MINISTERIO PUBLICO DE LA FEDERACION","06/10/2014","DISTRITO FEDERAL",2014-09-26,"federal"
"26/09/2014","MEXICO","GUERRERO","12","IGUALA DE LA INDEPENDENCIA","401","MEXICO","MEXICO","HOMBRE","18","VÍA PÚBLICA","AGENTE DEL MINISTERIO PUBLICO DE LA FEDERACION","06/10/2014","DISTRITO FEDERAL",2014-09-26,"federal"
"26/09/2014","MEXICO","GUERRERO","12","IGUALA DE LA INDEPENDENCIA","401","MEXICO","MEXICO","HOMBRE","18","VÍA PÚBLICA","AGENTE DEL MINISTERIO PUBLICO DE LA FEDERACION","06/10/2014","DISTRITO FEDERAL",2014-09-26,"federal"
"26/09/2014","MEXICO","GUERRERO","12","IGUALA DE LA INDEPENDENCIA","401","MEXICO","MEXICO","HOMBRE","21","CARRETERA","AGENTE DEL MINISTERIO PUBLICO DE LA FEDERACION","06/10/2014","DISTRITO FEDERAL",2014-09-26,"federal"
"26/09/2014","MEXICO","GUERRERO","12","IGUALA DE LA INDEPENDENCIA","401","MEXICO","MEXICO","HOMBRE","33","VÍA PÚBLICA","AGENTE DEL MINISTERIO PUBLICO DE LA FEDERACION","06/10/2014","DISTRITO FEDERAL",2014-09-26,"federal"
"26/09/2014","MEXICO","GUERRERO","12","IGUALA DE LA INDEPENDENCIA","401","MEXICO","MEXICO","HOMBRE","18","VÍA PÚBLICA","AGENTE DEL MINISTERIO PUBLICO DE LA FEDERACION","06/10/2014","DISTRITO FEDERAL",2014-09-26,"federal"
"26/09/2014","MEXICO","GUERRERO","12","IGUALA DE LA INDEPENDENCIA","401","MEXICO","MEXICO","HOMBRE","18","VÍA PÚBLICA","AGENTE DEL MINISTERIO PUBLICO DE LA FEDERACION","06/10/2014","DISTRITO FEDERAL",2014-09-26,"federal"
"26/09/2014","MEXICO","GUERRERO","12","IGUALA DE LA INDEPENDENCIA","401","MEXICO","MEXICO","HOMBRE","19","VÍA PÚBLICA","AGENTE DEL MINISTERIO PUBLICO DE LA FEDERACION","06/10/2014","DISTRITO FEDERAL",2014-09-26,"federal"
"26/09/2014","MEXICO","GUERRERO","12","IGUALA DE LA INDEPENDENCIA","401","MEXICO","MEXICO","HOMBRE","21","VÍA PÚBLICA","AGENTE DEL MINISTERIO PUBLICO DE LA FEDERACION","06/10/2014","DISTRITO FEDERAL",2014-09-26,"federal"
"26/09/2014","MEXICO","GUERRERO","12","IGUALA DE LA INDEPENDENCIA","401","MEXICO","MEXICO","HOMBRE","19","VÍA PÚBLICA","AGENTE DEL MINISTERIO PUBLICO DE LA FEDERACION","06/10/2014","DISTRITO FEDERAL",2014-09-26,"federal"
"26/09/2014","MEXICO","GUERRERO","12","IGUALA DE LA INDEPENDENCIA","401","MEXICO","MEXICO","HOMBRE","19","VÍA PÚBLICA","AGENTE DEL MINISTERIO PUBLICO DE LA FEDERACION","06/10/2014","DISTRITO FEDERAL",2014-09-26,"federal"
"26/09/2014","MEXICO","GUERRERO","12","IGUALA DE LA INDEPENDENCIA","401","MEXICO","MEXICO","HOMBRE","19","VÍA PÚBLICA","AGENTE DEL MINISTERIO PUBLICO DE LA FEDERACION","06/10/2014","DISTRITO FEDERAL",2014-09-26,"federal"
"26/09/2014","MEXICO","GUERRERO","12","IGUALA DE LA INDEPENDENCIA","401","MEXICO","MEXICO","HOMBRE","23","VÍA PÚBLICA","AGENTE DEL MINISTERIO PUBLICO DE LA FEDERACION","06/10/2014","DISTRITO FEDERAL",2014-09-26,"federal"
"26/09/2014","MEXICO","GUERRERO","12","IGUALA DE LA INDEPENDENCIA","401","MEXICO","MEXICO","HOMBRE","21","VÍA PÚBLICA","AGENTE DEL MINISTERIO PUBLICO DE LA FEDERACION","06/10/2014","DISTRITO FEDERAL",2014-09-26,"federal"
"26/09/2014","MEXICO","GUERRERO","12","IGUALA DE LA INDEPENDENCIA","401","MEXICO","MEXICO","HOMBRE","22","VÍA PÚBLICA","AGENTE DEL MINISTERIO PUBLICO DE LA FEDERACION","06/10/2014","DISTRITO FEDERAL",2014-09-26,"federal"
"26/09/2014","MEXICO","GUERRERO","12","IGUALA DE LA INDEPENDENCIA","401","MEXICO","MEXICO","HOMBRE","18","VÍA PÚBLICA","AGENTE DEL MINISTERIO PUBLICO DE LA FEDERACION","06/10/2014","DISTRITO FEDERAL",2014-09-26,"federal"
"26/09/2014","MEXICO","GUERRERO","12","IGUALA DE LA INDEPENDENCIA","401","MEXICO","MEXICO","HOMBRE","21","VÍA PÚBLICA","AGENTE DEL MINISTERIO PUBLICO DE LA FEDERACION","06/10/2014","DISTRITO FEDERAL",2014-09-26,"federal"
"26/09/2014","MEXICO","GUERRERO","12","IGUALA DE LA INDEPENDENCIA","401","MEXICO","MEXICO","HOMBRE","19","VÍA PÚBLICA","AGENTE DEL MINISTERIO PUBLICO DE LA FEDERACION","06/10/2014","DISTRITO FEDERAL",2014-09-26,"federal"
"26/09/2014","MEXICO","GUERRERO","12","IGUALA DE LA INDEPENDENCIA","401","MEXICO","MEXICO","HOMBRE","28","VÍA PÚBLICA","AGENTE DEL MINISTERIO PUBLICO DE LA FEDERACION","06/10/2014","DISTRITO FEDERAL",2014-09-26,"federal"
"26/09/2014","MEXICO","GUERRERO","12","IGUALA DE LA INDEPENDENCIA","401","MEXICO","MEXICO","HOMBRE","18","VÍA PÚBLICA","AGENTE DEL MINISTERIO PUBLICO DE LA FEDERACION","06/10/2014","DISTRITO FEDERAL",2014-09-26,"federal"
"26/09/2014","MEXICO","GUERRERO","12","IGUALA DE LA INDEPENDENCIA","401","MEXICO","MEXICO","HOMBRE","19","VÍA PÚBLICA","AGENTE DEL MINISTERIO PUBLICO DE LA FEDERACION","06/10/2014","DISTRITO FEDERAL",2014-09-26,"federal"
"26/09/2014","MEXICO","GUERRERO","12","IGUALA DE LA INDEPENDENCIA","401","MEXICO","MEXICO","HOMBRE","19","VÍA PÚBLICA","AGENTE DEL MINISTERIO PUBLICO DE LA FEDERACION","06/10/2014","DISTRITO FEDERAL",2014-09-26,"federal"
"26/09/2014","MEXICO","GUERRERO","12","IGUALA DE LA INDEPENDENCIA","401","MEXICO","MEXICO","HOMBRE","25","VÍA PÚBLICA","AGENTE DEL MINISTERIO PUBLICO DE LA FEDERACION","06/10/2014","DISTRITO FEDERAL",2014-09-26,"federal"
"26/09/2014","MEXICO","GUERRERO","12","IGUALA DE LA INDEPENDENCIA","401","MEXICO","MEXICO","HOMBRE","21","VÍA PÚBLICA","AGENTE DEL MINISTERIO PUBLICO DE LA FEDERACION","06/10/2014","DISTRITO FEDERAL",2014-09-26,"federal"
"26/09/2014","MEXICO","GUERRERO","12","IGUALA DE LA INDEPENDENCIA","401","MEXICO","MEXICO","HOMBRE","33","VÍA PÚBLICA","AGENTE DEL MINISTERIO PUBLICO DE LA FEDERACION","06/10/2014","DISTRITO FEDERAL",2014-09-26,"federal"
"26/09/2014","MEXICO","GUERRERO","12","IGUALA DE LA INDEPENDENCIA","401","MEXICO","MEXICO","HOMBRE","18","VÍA PÚBLICA","AGENTE DEL MINISTERIO PUBLICO DE LA FEDERACION","06/10/2014","DISTRITO FEDERAL",2014-09-26,"federal"
"26/09/2014","MEXICO","GUERRERO","12","IGUALA DE LA INDEPENDENCIA","401","MEXICO","MEXICO","HOMBRE","18","VÍA PÚBLICA","AGENTE DEL MINISTERIO PUBLICO DE LA FEDERACION","06/10/2014","DISTRITO FEDERAL",2014-09-26,"federal"
"26/09/2014","MEXICO","GUERRERO","12","IGUALA DE LA INDEPENDENCIA","401","MEXICO","MEXICO","HOMBRE","22","VÍA PÚBLICA","AGENTE DEL MINISTERIO PUBLICO DE LA FEDERACION","06/10/2014","DISTRITO FEDERAL",2014-09-26,"federal"
"26/09/2014","MEXICO","GUERRERO","12","IGUALA DE LA INDEPENDENCIA","401","MEXICO","MEXICO","HOMBRE","20","VÍA PÚBLICA","AGENTE DEL MINISTERIO PUBLICO DE LA FEDERACION","06/10/2014","DISTRITO FEDERAL",2014-09-26,"federal"
"26/09/2014","MEXICO","GUERRERO","12","IGUALA DE LA INDEPENDENCIA","401","MEXICO","MEXICO","HOMBRE","19","VÍA PÚBLICA","AGENTE DEL MINISTERIO PUBLICO DE LA FEDERACION","06/10/2014","DISTRITO FEDERAL",2014-09-26,"federal"
"26/09/2014","MEXICO","GUERRERO","12","IGUALA DE LA INDEPENDENCIA","401","MEXICO","MEXICO","HOMBRE","19","VÍA PÚBLICA","AGENTE DEL MINISTERIO PUBLICO DE LA FEDERACION","06/10/2014","DISTRITO FEDERAL",2014-09-26,"federal"
"26/09/2014","MEXICO","GUERRERO","12","IGUALA DE LA INDEPENDENCIA","401","MEXICO","MEXICO","HOMBRE","19","VÍA PÚBLICA","AGENTE DEL MINISTERIO PUBLICO DE LA FEDERACION","06/10/2014","DISTRITO FEDERAL",2014-09-26,"federal"
"26/09/2014","MEXICO","GUERRERO","12","IGUALA DE LA INDEPENDENCIA","401","MEXICO","MEXICO","HOMBRE","20","VÍA PÚBLICA","AGENTE DEL MINISTERIO PUBLICO DE LA FEDERACION","06/10/2014","DISTRITO FEDERAL",2014-09-26,"federal"
"26/09/2014","MEXICO","GUERRERO","12","IGUALA DE LA INDEPENDENCIA","401","MEXICO","MEXICO","HOMBRE","20","VÍA PÚBLICA","AGENTE DEL MINISTERIO PUBLICO DE LA FEDERACION","06/10/2014","DISTRITO FEDERAL",2014-09-26,"federal"
"26/09/2014","MEXICO","GUERRERO","12","IGUALA DE LA INDEPENDENCIA","401","MEXICO","MEXICO","HOMBRE","18","VÍA PÚBLICA","AGENTE DEL MINISTERIO PUBLICO DE LA FEDERACION","06/10/2014","DISTRITO FEDERAL",2014-09-26,"federal"
"26/09/2014","MEXICO","GUERRERO","12","IGUALA DE LA INDEPENDENCIA","401","MEXICO","MEXICO","HOMBRE","20","VÍA PÚBLICA","AGENTE DEL MINISTERIO PUBLICO DE LA FEDERACION","06/10/2014","DISTRITO FEDERAL",2014-09-26,"federal"
"26/09/2014","MEXICO","GUERRERO","12","IGUALA DE LA INDEPENDENCIA","401","MEXICO","MEXICO","HOMBRE","20","VÍA PÚBLICA","AGENTE DEL MINISTERIO PUBLICO DE LA FEDERACION","06/10/2014","DISTRITO FEDERAL",2014-09-26,"federal"
"26/09/2014","MEXICO","GUERRERO","12","IGUALA DE LA INDEPENDENCIA","401","MEXICO","MEXICO","HOMBRE","19","VÍA PÚBLICA","AGENTE DEL MINISTERIO PUBLICO DE LA FEDERACION","06/10/2014","DISTRITO FEDERAL",2014-09-26,"federal"
"26/06/2014","MEXICO","GUERRERO","12","BUENAVISTA DE CUELLAR","381","MEXICO","MEXICO","HOMBRE","59","CARRETERA","AGENTE DEL MINISTERIO PUBLICO DE LA FEDERACION","30/06/2014","DISTRITO FEDERAL",2014-06-26,"federal"
"26/06/2014","MEXICO","DISTRITO FEDERAL","9","IZTAPALAPA","271","MEXICO","MEXICO","MUJER","15"," ","AGENTE DEL MINISTERIO PUBLICO DE LA FEDERACION","02/07/2014","DISTRITO FEDERAL",2014-06-26,"federal"
"26/06/2013","MEXICO","CHIHUAHUA","8","CHIHUAHUA","217","MEXICO","MEXICO","MUJER","25"," ","AGENTE DEL MINISTERIO PUBLICO DE LA FEDERACION","26/11/2014","DISTRITO FEDERAL",2013-06-26,"federal"
"26/04/2014","MEXICO","GUERRERO","12","ACAPULCO DE JUAREZ","367","MEXICO","MEXICO","MUJER","33","DESCONOCIDO","AGENTE DEL MINISTERIO PUBLICO DE LA FEDERACION","18/12/2014","DISTRITO FEDERAL",2014-04-26,"federal"
"26/04/2013","MEXICO","DURANGO","10","GOMEZ PALACIO","288","MEXICO","MEXICO","HOMBRE","29","CARRETERA","AGENTE DEL MINISTERIO PUBLICO DE LA FEDERACION","14/10/2014","DISTRITO FEDERAL",2013-04-26,"federal"
"26/03/2014","MEXICO","VERACRUZ","30","EMILIANO ZAPATA","2135","MEXICO","MEXICO","HOMBRE","NO DISPONIBLE","VÍA PÚBLICA","AGENTE DEL MINISTERIO PUBLICO DE LA FEDERACION","09/01/2015","VERACRUZ",2014-03-26,"federal"
"26/03/2014","MEXICO","VERACRUZ","30","EMILIANO ZAPATA","2135","MEXICO","MEXICO","MUJER","NO DISPONIBLE","VÍA PÚBLICA","AGENTE DEL MINISTERIO PUBLICO DE LA FEDERACION","09/01/2015","VERACRUZ",2014-03-26,"federal"
"26/03/2014","MEXICO","VERACRUZ","30","EMILIANO ZAPATA","2135","MEXICO","MEXICO","HOMBRE","NO DISPONIBLE","VÍA PÚBLICA","AGENTE DEL MINISTERIO PUBLICO DE LA FEDERACION","09/01/2015","VERACRUZ",2014-03-26,"federal"
"26/02/2014","MEXICO","JALISCO","14","GUADALAJARA","565","MEXICO","MEXICO","HOMBRE","0"," ","AGENTE DEL MINISTERIO PUBLICO DE LA FEDERACION","22/05/2014","JALISCO",2014-02-26,"federal"
"26/01/2014","MEXICO","TAMAULIPAS","28","VICTORIA","2008","ESTADOS UNIDOS DE AMERICA","ESTADOS UNIDOS DE AMERICA","HOMBRE","47"," ","AGENTE DEL MINISTERIO PUBLICO DE LA FEDERACION","20/06/2014","TAMAULIPAS",2014-01-26,"federal"
"25/12/2012","MEXICO","TAMAULIPAS","28","VICTORIA","2008","MEXICO","MEXICO","HOMBRE","9"," ","AGENTE DEL MINISTERIO PUBLICO DE LA FEDERACION","05/08/2014","TAMAULIPAS",2012-12-25,"federal"
"25/12/2012","MEXICO","TAMAULIPAS","28","VICTORIA","2008","MEXICO","MEXICO","HOMBRE","26"," ","AGENTE DEL MINISTERIO PUBLICO DE LA FEDERACION","05/08/2014","TAMAULIPAS",2012-12-25,"federal"
"25/12/2012","MEXICO","TAMAULIPAS","28","VICTORIA","2008","MEXICO","MEXICO","MUJER","28"," ","AGENTE DEL MINISTERIO PUBLICO DE LA FEDERACION","05/08/2014","TAMAULIPAS",2012-12-25,"federal"
"25/12/2012","MEXICO","TAMAULIPAS","28","VICTORIA","2008","MEXICO","MEXICO","HOMBRE","11"," ","AGENTE DEL MINISTERIO PUBLICO DE LA FEDERACION","05/08/2014","TAMAULIPAS",2012-12-25,"federal"
"25/12/2012","MEXICO","TAMAULIPAS","28","VICTORIA","2008","MEXICO","MEXICO","HOMBRE","11"," ","AGENTE DEL MINISTERIO PUBLICO DE LA FEDERACION","05/08/2014","TAMAULIPAS",2012-12-25,"federal"
"25/12/2012","MEXICO","TAMAULIPAS","28","VICTORIA","2008","MEXICO","MEXICO","HOMBRE","8"," ","AGENTE DEL MINISTERIO PUBLICO DE LA FEDERACION","05/08/2014","TAMAULIPAS",2012-12-25,"federal"
"25/10/2013","MEXICO","ZACATECAS","32","FRESNILLO","2396","MEXICO","MEXICO","HOMBRE","46","CASA HABITACIÓN","AGENTE DEL MINISTERIO PUBLICO DE LA FEDERACION","23/09/2014","DISTRITO FEDERAL",2013-10-25,"federal"
"25/09/2014","MEXICO","DISTRITO FEDERAL","9","GUSTAVO A. MADERO","269","MEXICO","MEXICO","HOMBRE","14","CASA HABITACIÓN","AGENTE DEL MINISTERIO PUBLICO DE LA FEDERACION","12/12/2014","DISTRITO FEDERAL",2014-09-25,"federal"
"25/09/2014","MEXICO","DISTRITO FEDERAL","9","GUSTAVO A. MADERO","269","MEXICO","MEXICO","MUJER","13","CASA HABITACIÓN","AGENTE DEL MINISTERIO PUBLICO DE LA FEDERACION","12/12/2014","DISTRITO FEDERAL",2014-09-25,"federal"
"25/06/2013","MEXICO","VERACRUZ","30","VILLA ALDAMA","2264","MEXICO","MEXICO","HOMBRE","NO DISPONIBLE","DESCONOCIDO","AGENTE DEL MINISTERIO PUBLICO DE LA FEDERACION","08/09/2014","VERACRUZ",2013-06-25,"federal"
"25/04/2014","MEXICO","TAMAULIPAS","28","MATAMOROS","1989","MEXICO","MEXICO","HOMBRE","0"," ","AGENTE DEL MINISTERIO PUBLICO DE LA FEDERACION","28/04/2014","TAMAULIPAS",2014-04-25,"federal"
"25/04/2014","MEXICO","TAMAULIPAS","28","MATAMOROS","1989","MEXICO","MEXICO","HOMBRE","0"," ","AGENTE DEL MINISTERIO PUBLICO DE LA FEDERACION","28/04/2014","TAMAULIPAS",2014-04-25,"federal"
"25/04/2009","MEXICO","NUEVO LEON","19","MONTERREY","977","MEXICO","MEXICO","HOMBRE","23","DESCONOCIDO","AGENTE DEL MINISTERIO PUBLICO DE LA FEDERACION","29/07/2014","DISTRITO FEDERAL",2009-04-25,"federal"
"25/04/1977","MEXICO","SINALOA","25","CULIACAN","1866","MEXICO","MEXICO","HOMBRE","32","CASA HABITACIÓN","AGENTE DEL MINISTERIO PUBLICO DE LA FEDERACION","27/05/2014","DISTRITO FEDERAL",1977-04-25,"federal"
"25/03/2014","MEXICO","COLIMA","6","COLIMA","72","MEXICO","MEXICO","HOMBRE","32","DESCONOCIDO","AGENTE DEL MINISTERIO PUBLICO DE LA FEDERACION","07/01/2015","DISTRITO FEDERAL",2014-03-25,"federal"
"25/03/2014","MEXICO","COLIMA","6","COLIMA","72","MEXICO","MEXICO","HOMBRE","31","DESCONOCIDO","AGENTE DEL MINISTERIO PUBLICO DE LA FEDERACION","07/01/2015","DISTRITO FEDERAL",2014-03-25,"federal"
"25/02/2014","MEXICO","VERACRUZ","30","VILLA ALDAMA","2264","MEXICO","MEXICO","HOMBRE","NO DISPONIBLE","DESCONOCIDO","AGENTE DEL MINISTERIO PUBLICO DE LA FEDERACION","24/03/2014","VERACRUZ",2014-02-25,"federal"
"24/12/2010","MEXICO","TAMAULIPAS","28","TAMPICO","2005","MEXICO","MEXICO","HOMBRE","30","LOCAL COMERCIAL","AGENTE DEL MINISTERIO PUBLICO DE LA FEDERACION","25/07/2014","DISTRITO FEDERAL",2010-12-24,"federal"
"24/11/2014","MEXICO","DISTRITO FEDERAL","9","CUAUHTEMOC","279","MEXICO","MEXICO","HOMBRE","19","DESCONOCIDO","AGENTE DEL MINISTERIO PUBLICO DE LA FEDERACION","05/01/2015","HIDALGO",2014-11-24,"federal"
"24/10/2013","EXTRANJERO","EXTRANJERO","34","EXTRANJERO","2445","MEXICO","MEXICO","HOMBRE","47","CASA HABITACIÓN","AGENTE DEL MINISTERIO PUBLICO DE LA FEDERACION","04/09/2014","DISTRITO FEDERAL",2013-10-24,"federal"
"24/10/2013","MEXICO","MICHOACAN","16","AGUILILLA","774","MEXICO","MEXICO","HOMBRE","28","DESCONOCIDO","AGENTE DEL MINISTERIO PUBLICO DE LA FEDERACION","20/06/2014","DISTRITO FEDERAL",2013-10-24,"federal"
"24/10/2013","MEXICO","COAHUILA","5","TORREON   ","67","MEXICO","MEXICO","HOMBRE","34","CARRETERA","AGENTE DEL MINISTERIO PUBLICO DE LA FEDERACION","06/06/2014","DURANGO",2013-10-24,"federal"
"24/10/2013","MEXICO","VERACRUZ","30","XALAPA","2157","MEXICO","MEXICO","HOMBRE","24","VÍA PÚBLICA","AGENTE DEL MINISTERIO PUBLICO DE LA FEDERACION","01/08/2014","VERACRUZ",2013-10-24,"federal"
"24/09/2013","MEXICO","SAN LUIS POTOSI","24","SAN LUIS POTOSI","1830","GUATEMALA","GUATEMALA","HOMBRE","25","DESCONOCIDO","AGENTE DEL MINISTERIO PUBLICO DE LA FEDERACION","22/09/2014","DISTRITO FEDERAL",2013-09-24,"federal"
"24/09/2011","MEXICO","ZACATECAS","32","ZACATECAS","2442","MEXICO","MEXICO","MUJER","NO DISPONIBLE"," ","AGENTE DEL MINISTERIO PUBLICO DE LA FEDERACION","30/05/2014","DISTRITO FEDERAL",2011-09-24,"federal"
"24/09/2011","MEXICO","ZACATECAS","32","ZACATECAS","2442","MEXICO","MEXICO","HOMBRE","NO DISPONIBLE"," ","AGENTE DEL MINISTERIO PUBLICO DE LA FEDERACION","30/05/2014","DISTRITO FEDERAL",2011-09-24,"federal"
"24/07/2014","EXTRANJERO","EXTRANJERO","34","EXTRANJERO","2445","GUATEMALA","GUATEMALA","MUJER","15"," ","AGENTE DEL MINISTERIO PUBLICO DE LA FEDERACION","04/08/2014","DISTRITO FEDERAL",2014-07-24,"federal"
"24/07/2014","EXTRANJERO","EXTRANJERO","34","EXTRANJERO","2445","GUATEMALA","GUATEMALA","MUJER","13"," ","AGENTE DEL MINISTERIO PUBLICO DE LA FEDERACION","04/08/2014","DISTRITO FEDERAL",2014-07-24,"federal"
"24/07/2014","MEXICO","CHIHUAHUA","8","JUAREZ","235","MEXICO","MEXICO","HOMBRE","17","DESCONOCIDO","AGENTE DEL MINISTERIO PUBLICO DE LA FEDERACION","11/08/2014","CHIAPAS",2014-07-24,"federal"
"24/07/2014","MEXICO","GUERRERO","12","ACAPULCO DE JUAREZ","367","MEXICO","MEXICO","MUJER","NO DISPONIBLE","VÍA PÚBLICA","AGENTE DEL MINISTERIO PUBLICO DE LA FEDERACION","30/07/2014","DISTRITO FEDERAL",2014-07-24,"federal"
"24/06/2014","MEXICO","TAMAULIPAS","28","MATAMOROS","1989","MEXICO","MEXICO","HOMBRE","50"," ","AGENTE DEL MINISTERIO PUBLICO DE LA FEDERACION","25/06/2014","TAMAULIPAS",2014-06-24,"federal"
"24/06/2014","MEXICO","TAMAULIPAS","28","MATAMOROS","1989","MEXICO","MEXICO","HOMBRE","23"," ","AGENTE DEL MINISTERIO PUBLICO DE LA FEDERACION","25/06/2014","TAMAULIPAS",2014-06-24,"federal"
"24/06/2014","MEXICO","TAMAULIPAS","28","MATAMOROS","1989","MEXICO","MEXICO","MUJER","26","CARRETERA","AGENTE DEL MINISTERIO PUBLICO DE LA FEDERACION","12/09/2014","DISTRITO FEDERAL",2014-06-24,"federal"
"24/06/2014","MEXICO","TAMAULIPAS","28","MATAMOROS","1989","MEXICO","MEXICO","HOMBRE","35","CARRETERA","AGENTE DEL MINISTERIO PUBLICO DE LA FEDERACION","12/09/2014","DISTRITO FEDERAL",2014-06-24,"federal"
"24/05/2014","MEXICO","VERACRUZ","30","COSAMALOAPAN DE CARPIO","2115","MEXICO","MEXICO","HOMBRE","NO DISPONIBLE","CARRETERA","AGENTE DEL MINISTERIO PUBLICO DE LA FEDERACION","26/01/2015","VERACRUZ",2014-05-24,"federal"
"24/05/2010","MEXICO","GUERRERO","12","IGUALA DE LA INDEPENDENCIA","401","MEXICO","MEXICO","HOMBRE","NO DISPONIBLE","DESCONOCIDO","AGENTE DEL MINISTERIO PUBLICO DE LA FEDERACION","02/12/2014","DISTRITO FEDERAL",2010-05-24,"federal"
"24/04/2014","MEXICO","GUERRERO","12","COYUCA DE BENITEZ","387","MEXICO","MEXICO","HOMBRE","22","DESCONOCIDO","AGENTE DEL MINISTERIO PUBLICO DE LA FEDERACION","03/07/2014","DISTRITO FEDERAL",2014-04-24,"federal"
"24/04/2014","MEXICO","GUERRERO","12","COYUCA DE BENITEZ","387","MEXICO","MEXICO","HOMBRE","NO DISPONIBLE","DESCONOCIDO","AGENTE DEL MINISTERIO PUBLICO DE LA FEDERACION","03/07/2014","DISTRITO FEDERAL",2014-04-24,"federal"
"24/04/2014","MEXICO","GUERRERO","12","COYUCA DE BENITEZ","387","MEXICO","MEXICO","HOMBRE","45","DESCONOCIDO","AGENTE DEL MINISTERIO PUBLICO DE LA FEDERACION","03/07/2014","DISTRITO FEDERAL",2014-04-24,"federal"
"24/03/2014","MEXICO","VERACRUZ","30","XALAPA","2157","MEXICO","MEXICO","HOMBRE","NO DISPONIBLE","CASA HABITACIÓN","AGENTE DEL MINISTERIO PUBLICO DE LA FEDERACION","03/11/2014","VERACRUZ",2014-03-24,"federal"
"24/02/2014","MEXICO","VERACRUZ","30","PEROTE","2198","MEXICO","MEXICO","HOMBRE","NO DISPONIBLE","DESCONOCIDO","AGENTE DEL MINISTERIO PUBLICO DE LA FEDERACION","01/07/2014","VERACRUZ",2014-02-24,"federal"
"24/01/2014","MEXICO","VERACRUZ","30","XALAPA","2157","MEXICO","MEXICO","HOMBRE","0","DESCONOCIDO","AGENTE DEL MINISTERIO PUBLICO DE LA FEDERACION","19/05/2014","VERACRUZ",2014-01-24,"federal"
"24/01/2014","MEXICO","VERACRUZ","30","XALAPA","2157","MEXICO","MEXICO","HOMBRE","NO DISPONIBLE","LOCAL COMERCIAL","AGENTE DEL MINISTERIO PUBLICO DE LA FEDERACION","12/02/2014","VERACRUZ",2014-01-24,"federal"
"24/01/2014","MEXICO","VERACRUZ","30","XALAPA","2157","MEXICO","MEXICO","HOMBRE","28","LOCAL COMERCIAL","AGENTE DEL MINISTERIO PUBLICO DE LA FEDERACION","12/02/2014","VERACRUZ",2014-01-24,"federal"
"24/01/2013","MEXICO","GUERRERO","12","IGUALA DE LA INDEPENDENCIA","401","MEXICO","MEXICO","HOMBRE","26","DESCONOCIDO","AGENTE DEL MINISTERIO PUBLICO DE LA FEDERACION","02/12/2014","DISTRITO FEDERAL",2013-01-24,"federal"
"23/09/2014","MEXICO","GUERRERO","12","IGUALA DE LA INDEPENDENCIA","401","MEXICO","MEXICO","MUJER","2","VÍA PÚBLICA","AGENTE DEL MINISTERIO PUBLICO DE LA FEDERACION","04/12/2014","DISTRITO FEDERAL",2014-09-23,"federal"
"23/09/2014","MEXICO","GUERRERO","12","IGUALA DE LA INDEPENDENCIA","401","MEXICO","MEXICO","MUJER","29","VÍA PÚBLICA","AGENTE DEL MINISTERIO PUBLICO DE LA FEDERACION","04/12/2014","DISTRITO FEDERAL",2014-09-23,"federal"
"23/09/2014","MEXICO","GUERRERO","12","IGUALA DE LA INDEPENDENCIA","401","MEXICO","MEXICO","MUJER","1","VÍA PÚBLICA","AGENTE DEL MINISTERIO PUBLICO DE LA FEDERACION","04/12/2014","DISTRITO FEDERAL",2014-09-23,"federal"
"23/09/2014","MEXICO","VERACRUZ","30","COSAMALOAPAN DE CARPIO","2115","INDIA","INDIA","HOMBRE","24","VÍA PÚBLICA","AGENTE DEL MINISTERIO PUBLICO DE LA FEDERACION","23/09/2014","VERACRUZ",2014-09-23,"federal"
"23/09/2013","MEXICO","GUERRERO","12","IGUALA DE LA INDEPENDENCIA","401","MEXICO","MEXICO","HOMBRE","3","VÍA PÚBLICA","AGENTE DEL MINISTERIO PUBLICO DE LA FEDERACION","04/12/2014","DISTRITO FEDERAL",2013-09-23,"federal"
"23/09/2011","MEXICO","ZACATECAS","32","GUADALUPE","2403","MEXICO","MEXICO","HOMBRE","0"," ","AGENTE DEL MINISTERIO PUBLICO DE LA FEDERACION","31/03/2014","TAMAULIPAS",2011-09-23,"federal"
"23/08/2014","MEXICO","GUERRERO","12","IGUALA DE LA INDEPENDENCIA","401","MEXICO","MEXICO","MUJER","28","VÍA PÚBLICA","AGENTE DEL MINISTERIO PUBLICO DE LA FEDERACION","20/11/2014","DISTRITO FEDERAL",2014-08-23,"federal"
"23/08/2014","MEXICO","TABASCO","27","TENOSIQUE","1967","HONDURAS","HONDURAS","MUJER","14","INMUEBLE (OTROS)","AGENTE DEL MINISTERIO PUBLICO DE LA FEDERACION","06/11/2014","TABASCO",2014-08-23,"federal"
"23/08/2014","MEXICO","GUERRERO","12","IGUALA DE LA INDEPENDENCIA","401","MEXICO","MEXICO","HOMBRE","4"," ","AGENTE DEL MINISTERIO PUBLICO DE LA FEDERACION","20/11/2014","DISTRITO FEDERAL",2014-08-23,"federal"
"23/08/2014","MEXICO","GUERRERO","12","IGUALA DE LA INDEPENDENCIA","401","MEXICO","MEXICO","MUJER","0","DESCONOCIDO","AGENTE DEL MINISTERIO PUBLICO DE LA FEDERACION","20/11/2014","DISTRITO FEDERAL",2014-08-23,"federal"
"23/08/2014","MEXICO","GUERRERO","12","IGUALA DE LA INDEPENDENCIA","401","MEXICO","MEXICO","MUJER","2","VÍA PÚBLICA","AGENTE DEL MINISTERIO PUBLICO DE LA FEDERACION","20/11/2014","DISTRITO FEDERAL",2014-08-23,"federal"
"23/08/2013","MEXICO","GUERRERO","12","ACAPULCO DE JUAREZ","367","MEXICO","MEXICO","HOMBRE","13","INMUEBLE (OTROS)","AGENTE DEL MINISTERIO PUBLICO DE LA FEDERACION","27/01/2014","GUERRERO",2013-08-23,"federal"
"23/08/2013","MEXICO","GUERRERO","12","ACAPULCO DE JUAREZ","367","MEXICO","MEXICO","MUJER","13","INMUEBLE (OTROS)","AGENTE DEL MINISTERIO PUBLICO DE LA FEDERACION","27/01/2014","GUERRERO",2013-08-23,"federal"
"23/07/2014","MEXICO","TAMAULIPAS","28","REYNOSA","1999","MEXICO","MEXICO","HOMBRE","0","DESCONOCIDO","AGENTE DEL MINISTERIO PUBLICO DE LA FEDERACION","03/10/2014","TAMAULIPAS",2014-07-23,"federal"
"23/05/2014","MEXICO","VERACRUZ","30","VERACRUZ","2263","MEXICO","MEXICO","HOMBRE","24","DESCONOCIDO","AGENTE DEL MINISTERIO PUBLICO DE LA FEDERACION","02/06/2014","VERACRUZ",2014-05-23,"federal"
"23/04/2006","MEXICO","TAMAULIPAS","28","NUEVO LAREDO","1994","MEXICO","MEXICO","HOMBRE","29","HOTEL O SIMILARES","AGENTE DEL MINISTERIO PUBLICO DE LA FEDERACION","12/12/2014","OAXACA",2006-04-23,"federal"
"23/03/2014","MEXICO","GUERRERO","12","TELOLOAPAN","424","MEXICO","MEXICO","HOMBRE","17","DESCONOCIDO","AGENTE DEL MINISTERIO PUBLICO DE LA FEDERACION","02/12/2014","DISTRITO FEDERAL",2014-03-23,"federal"
"23/03/2006","MEXICO","TAMAULIPAS","28","NUEVO LAREDO","1994","MEXICO","MEXICO","HOMBRE","53","HOTEL O SIMILARES","AGENTE DEL MINISTERIO PUBLICO DE LA FEDERACION","12/12/2014","OAXACA",2006-03-23,"federal"
"22/11/2014","MEXICO","DISTRITO FEDERAL","9","MIGUEL HIDALGO","280","MEXICO","MEXICO","MUJER","0","HOTEL O SIMILARES","AGENTE DEL MINISTERIO PUBLICO DE LA FEDERACION","01/12/2014","DISTRITO FEDERAL",2014-11-22,"federal"
"22/10/2012","MEXICO","TAMAULIPAS","28","VICTORIA","2008","MEXICO","MEXICO","HOMBRE","12"," ","AGENTE DEL MINISTERIO PUBLICO DE LA FEDERACION","22/07/2014","TAMAULIPAS",2012-10-22,"federal"
"22/09/2010","MEXICO","DISTRITO FEDERAL","9","BENITO JUAREZ","278","MEXICO","MEXICO","HOMBRE","34","VÍA PÚBLICA","AGENTE DEL MINISTERIO PUBLICO DE LA FEDERACION","20/02/2014","DISTRITO FEDERAL",2010-09-22,"federal"
"22/06/2014","MEXICO","TAMAULIPAS","28","NUEVO LAREDO","1994","BRASIL","BRASIL","MUJER","34"," ","AGENTE DEL MINISTERIO PUBLICO DE LA FEDERACION","26/06/2014","TAMAULIPAS",2014-06-22,"federal"
"22/06/2014","MEXICO","TAMAULIPAS","28","NUEVO LAREDO","1994","BRASIL","BRASIL","HOMBRE","49"," ","AGENTE DEL MINISTERIO PUBLICO DE LA FEDERACION","26/06/2014","TAMAULIPAS",2014-06-22,"federal"
"22/03/2014","MEXICO","GUERRERO","12","ACAPULCO DE JUAREZ","367","MEXICO","MEXICO","HOMBRE","64","CASA HABITACIÓN","AGENTE DEL MINISTERIO PUBLICO DE LA FEDERACION","09/05/2014","GUERRERO",2014-03-22,"federal"
"22/03/2012","MEXICO","COAHUILA","5","TORREON   ","67","MEXICO","MEXICO","HOMBRE","24","DESCONOCIDO","AGENTE DEL MINISTERIO PUBLICO DE LA FEDERACION","02/09/2014","COAHUILA",2012-03-22,"federal"
"22/02/2014","MEXICO","VERACRUZ","30","TLALNELHUAYOCAN","2252","MEXICO","MEXICO","HOMBRE","NO DISPONIBLE","DESCONOCIDO","AGENTE DEL MINISTERIO PUBLICO DE LA FEDERACION","11/04/2014","VERACRUZ",2014-02-22,"federal"
"22/02/2010","MEXICO","TAMAULIPAS","28","CAMARGO","1974","MEXICO","MEXICO","HOMBRE","28","DESCONOCIDO","AGENTE DEL MINISTERIO PUBLICO DE LA FEDERACION","12/12/2014","DISTRITO FEDERAL",2010-02-22,"federal"
"22/01/2015","MEXICO","TAMAULIPAS","28","NUEVO LAREDO","1994","MEXICO","MEXICO","HOMBRE","28","VÍA PÚBLICA","AGENTE DEL MINISTERIO PUBLICO DE LA FEDERACION","24/01/2015","TAMAULIPAS",2015-01-22,"federal"
"21/12/2014","MEXICO","TAMAULIPAS","28","ALDAMA","1969","MEXICO","MEXICO","HOMBRE","29","LOCAL COMERCIAL","AGENTE DEL MINISTERIO PUBLICO DE LA FEDERACION","24/12/2014","TAMAULIPAS",2014-12-21,"federal"
"21/11/2013","MEXICO","TAMAULIPAS","28","NUEVO LAREDO","1994","MEXICO","MEXICO","HOMBRE","13"," ","AGENTE DEL MINISTERIO PUBLICO DE LA FEDERACION","21/03/2014","TAMAULIPAS",2013-11-21,"federal"
"21/10/2009","MEXICO","COAHUILA","5","TORREON   ","67","MEXICO","MEXICO","HOMBRE","27","CARRETERA","AGENTE DEL MINISTERIO PUBLICO DE LA FEDERACION","07/05/2014","DISTRITO FEDERAL",2009-10-21,"federal"
"21/10/2009","MEXICO","COAHUILA","5","TORREON   ","67","MEXICO","MEXICO","HOMBRE","26","CARRETERA","AGENTE DEL MINISTERIO PUBLICO DE LA FEDERACION","07/05/2014","DISTRITO FEDERAL",2009-10-21,"federal"
"21/10/2009","MEXICO","COAHUILA","5","TORREON   ","67","MEXICO","MEXICO","HOMBRE","NO DISPONIBLE","CARRETERA","AGENTE DEL MINISTERIO PUBLICO DE LA FEDERACION","07/05/2014","DISTRITO FEDERAL",2009-10-21,"federal"
"21/10/2009","MEXICO","COAHUILA","5","TORREON   ","67","MEXICO","MEXICO","HOMBRE","32","CARRETERA","AGENTE DEL MINISTERIO PUBLICO DE LA FEDERACION","07/05/2014","DISTRITO FEDERAL",2009-10-21,"federal"
"21/02/2007","MEXICO","COAHUILA","5","RAMOS ARIZPE","59","MEXICO","MEXICO","HOMBRE","23","DESCONOCIDO","AGENTE DEL MINISTERIO PUBLICO DE LA FEDERACION","17/09/2014","DISTRITO FEDERAL",2007-02-21,"federal"
"21/02/2007","MEXICO","COAHUILA","5","RAMOS ARIZPE","59","MEXICO","MEXICO","HOMBRE","33","DESCONOCIDO","AGENTE DEL MINISTERIO PUBLICO DE LA FEDERACION","17/09/2014","DISTRITO FEDERAL",2007-02-21,"federal"
"21/02/2007","MEXICO","COAHUILA","5","RAMOS ARIZPE","59","MEXICO","MEXICO","HOMBRE","39","DESCONOCIDO","AGENTE DEL MINISTERIO PUBLICO DE LA FEDERACION","17/09/2014","DISTRITO FEDERAL",2007-02-21,"federal"
"21/01/2014","MEXICO","MEXICO","15","ECATEPEC DE MORELOS","683","MEXICO","MEXICO","MUJER","2"," ","AGENTE DEL MINISTERIO PUBLICO DE LA FEDERACION","11/09/2014","DISTRITO FEDERAL",2014-01-21,"federal"
"21/01/2014","MEXICO","DISTRITO FEDERAL","9","GUSTAVO A. MADERO","269","MEXICO","MEXICO","MUJER","14"," ","AGENTE DEL MINISTERIO PUBLICO DE LA FEDERACION","20/08/2014","DISTRITO FEDERAL",2014-01-21,"federal"
"21/01/2014","MEXICO","JALISCO","14","SAN JUAN DE LOS LAGOS","599","MEXICO","MEXICO","HOMBRE","58","CARRETERA","AGENTE DEL MINISTERIO PUBLICO DE LA FEDERACION","27/01/2014","DISTRITO FEDERAL",2014-01-21,"federal"
"21/01/2014","MEXICO","TAMAULIPAS","28","REYNOSA","1999","MEXICO","MEXICO","HOMBRE","26"," ","AGENTE DEL MINISTERIO PUBLICO DE LA FEDERACION","04/07/2014","TAMAULIPAS",2014-01-21,"federal"
"21/01/2014","MEXICO","GUERRERO","12","PILCAYA","415","MEXICO","MEXICO","HOMBRE","70","DESCONOCIDO","AGENTE DEL MINISTERIO PUBLICO DE LA FEDERACION","02/12/2014","DISTRITO FEDERAL",2014-01-21,"federal"
"20/12/2013","MEXICO","CHIHUAHUA","8","JUAREZ","235","MEXICO","MEXICO","HOMBRE","30","CARRETERA","AGENTE DEL MINISTERIO PUBLICO DE LA FEDERACION","28/10/2014","DISTRITO FEDERAL",2013-12-20,"federal"
"20/12/2011","MEXICO","MEXICO","15","ECATEPEC DE MORELOS","683","MEXICO","MEXICO","HOMBRE","20","DESCONOCIDO","AGENTE DEL MINISTERIO PUBLICO DE LA FEDERACION","20/08/2014","DISTRITO FEDERAL",2011-12-20,"federal"
"20/12/2009","MEXICO","TAMAULIPAS","28","NUEVO LAREDO","1994","MEXICO","MEXICO","HOMBRE","0"," ","AGENTE DEL MINISTERIO PUBLICO DE LA FEDERACION","20/01/2015","TAMAULIPAS",2009-12-20,"federal"
"20/12/2009","MEXICO","TAMAULIPAS","28","NUEVO LAREDO","1994","MEXICO","MEXICO","HOMBRE","0","DESCONOCIDO","AGENTE DEL MINISTERIO PUBLICO DE LA FEDERACION","20/01/2015","TAMAULIPAS",2009-12-20,"federal"
"20/11/2013","MEXICO","MICHOACAN","16","LAZARO CARDENAS","824","MEXICO","MEXICO","HOMBRE","26","LOCAL COMERCIAL","AGENTE DEL MINISTERIO PUBLICO DE LA FEDERACION","21/05/2014","DISTRITO FEDERAL",2013-11-20,"federal"
"20/10/2014","MEXICO","CHIHUAHUA","8","AHUMADA","199","MEXICO","MEXICO","HOMBRE","13","DESCONOCIDO","AGENTE DEL MINISTERIO PUBLICO DE LA FEDERACION","29/10/2014","CHIHUAHUA",2014-10-20,"federal"
"20/10/2013","MEXICO","COAHUILA","5","FRONTERA","42","MEXICO","MEXICO","HOMBRE","64","DESCONOCIDO","AGENTE DEL MINISTERIO PUBLICO DE LA FEDERACION","28/01/2015","DISTRITO FEDERAL",2013-10-20,"federal"
"20/08/2014","MEXICO","NUEVO LEON","19","MONTERREY","977","MEXICO","MEXICO","MUJER","23","VÍA PÚBLICA","AGENTE DEL MINISTERIO PUBLICO DE LA FEDERACION","08/09/2014","DISTRITO FEDERAL",2014-08-20,"federal"
"20/05/2010","MEXICO","GUERRERO","12","IGUALA DE LA INDEPENDENCIA","401","MEXICO","MEXICO","HOMBRE","17","DESCONOCIDO","AGENTE DEL MINISTERIO PUBLICO DE LA FEDERACION","02/12/2014","DISTRITO FEDERAL",2010-05-20,"federal"
"20/04/2012","MEXICO","TAMAULIPAS","28","VICTORIA","2008","MEXICO","MEXICO","HOMBRE","35"," ","AGENTE DEL MINISTERIO PUBLICO DE LA FEDERACION","03/05/2014","TAMAULIPAS",2012-04-20,"federal"
"20/01/2015","MEXICO","TAMAULIPAS","28","MATAMOROS","1989","MEXICO","MEXICO","HOMBRE","1","VÍA PÚBLICA","AGENTE DEL MINISTERIO PUBLICO DE LA FEDERACION","20/01/2015","TAMAULIPAS",2015-01-20,"federal"
"20/01/2014","MEXICO","MEXICO","15","NAUCALPAN DE JUAREZ","707","MEXICO","MEXICO","HOMBRE","17"," ","AGENTE DEL MINISTERIO PUBLICO DE LA FEDERACION","21/01/2014","DISTRITO FEDERAL",2014-01-20,"federal"
"19/09/2014","MEXICO","TAMAULIPAS","28","MIGUEL ALEMAN","1992","MEXICO","MEXICO","HOMBRE","24","DESCONOCIDO","AGENTE DEL MINISTERIO PUBLICO DE LA FEDERACION","19/09/2014","TAMAULIPAS",2014-09-19,"federal"
"19/09/2014","MEXICO","DISTRITO FEDERAL","9","MIGUEL HIDALGO","280","MEXICO","MEXICO","MUJER","18","DESCONOCIDO","AGENTE DEL MINISTERIO PUBLICO DE LA FEDERACION","03/10/2014","DISTRITO FEDERAL",2014-09-19,"federal"
"19/09/2014","MEXICO","DISTRITO FEDERAL","9","MIGUEL HIDALGO","280","MEXICO","MEXICO","MUJER","1","DESCONOCIDO","AGENTE DEL MINISTERIO PUBLICO DE LA FEDERACION","03/10/2014","DISTRITO FEDERAL",2014-09-19,"federal"
"19/09/2014","MEXICO","TAMAULIPAS","28","MIGUEL ALEMAN","1992","MEXICO","MEXICO","HOMBRE","24","DESCONOCIDO","AGENTE DEL MINISTERIO PUBLICO DE LA FEDERACION","19/09/2014","TAMAULIPAS",2014-09-19,"federal"
"19/09/2010","MEXICO","VERACRUZ","30","MINATITLAN","2178","MEXICO","MEXICO","HOMBRE","20","VÍA PÚBLICA","AGENTE DEL MINISTERIO PUBLICO DE LA FEDERACION","09/06/2014","DISTRITO FEDERAL",2010-09-19,"federal"
"19/06/2013","MEXICO","DISTRITO FEDERAL","9","IZTAPALAPA","271","MEXICO","MEXICO","MUJER","14"," ","AGENTE DEL MINISTERIO PUBLICO DE LA FEDERACION","10/03/2014","DISTRITO FEDERAL",2013-06-19,"federal"
"19/05/2009","MEXICO","CHIHUAHUA","8","JUAREZ","235","MEXICO","MEXICO","MUJER","14"," ","AGENTE DEL MINISTERIO PUBLICO DE LA FEDERACION","16/01/2014","DISTRITO FEDERAL",2009-05-19,"federal"
"19/03/2014","MEXICO","TAMAULIPAS","28","NUEVO LAREDO","1994","MEXICO","MEXICO","HOMBRE","48"," ","AGENTE DEL MINISTERIO PUBLICO DE LA FEDERACION","02/04/2014","TAMAULIPAS",2014-03-19,"federal"
"19/03/2014","MEXICO","TAMAULIPAS","28","NUEVO LAREDO","1994","MEXICO","MEXICO","HOMBRE","50"," ","AGENTE DEL MINISTERIO PUBLICO DE LA FEDERACION","02/04/2014","TAMAULIPAS",2014-03-19,"federal"
"19/02/2014","MEXICO","GUERRERO","12","IGUALA DE LA INDEPENDENCIA","401","MEXICO","MEXICO","HOMBRE","NO DISPONIBLE","DESCONOCIDO","AGENTE DEL MINISTERIO PUBLICO DE LA FEDERACION","02/12/2014","DISTRITO FEDERAL",2014-02-19,"federal"
"18/11/2014","MEXICO","VERACRUZ","30","COATZACOALCOS","2109","MEXICO","MEXICO","MUJER","NO DISPONIBLE","DESCONOCIDO","AGENTE DEL MINISTERIO PUBLICO DE LA FEDERACION","18/11/2014","DISTRITO FEDERAL",2014-11-18,"federal"
"18/11/2014","MEXICO","DISTRITO FEDERAL","9","CUAUHTEMOC","279","MEXICO","MEXICO","MUJER","33","VÍA PÚBLICA","AGENTE DEL MINISTERIO PUBLICO DE LA FEDERACION","11/12/2014","DISTRITO FEDERAL",2014-11-18,"federal"
"18/10/2013","MEXICO","VERACRUZ","30","COATEPEC","2108","MEXICO","MEXICO","HOMBRE","NO DISPONIBLE","DESCONOCIDO","AGENTE DEL MINISTERIO PUBLICO DE LA FEDERACION","14/04/2014","VERACRUZ",2013-10-18,"federal"
"18/10/2013","MEXICO","GUERRERO","12","IGUALA DE LA INDEPENDENCIA","401","MEXICO","MEXICO","HOMBRE","38","DESCONOCIDO","AGENTE DEL MINISTERIO PUBLICO DE LA FEDERACION","02/12/2014","DISTRITO FEDERAL",2013-10-18,"federal"
"18/09/2014","MEXICO","MEXICO","15","TOLUCA","756","MEXICO","MEXICO","MUJER","17","INMUEBLE (OTROS)","AGENTE DEL MINISTERIO PUBLICO DE LA FEDERACION","23/10/2014","DISTRITO FEDERAL",2014-09-18,"federal"
"18/06/2012","EXTRANJERO","EXTRANJERO","34","EXTRANJERO","2445","MEXICO","MEXICO","HOMBRE","29","DESCONOCIDO","AGENTE DEL MINISTERIO PUBLICO DE LA FEDERACION","20/11/2014","HIDALGO",2012-06-18,"federal"
"18/05/2011","MEXICO","GUERRERO","12","IGUALA DE LA INDEPENDENCIA","401","MEXICO","MEXICO","HOMBRE","44","DESCONOCIDO","AGENTE DEL MINISTERIO PUBLICO DE LA FEDERACION","02/12/2014","DISTRITO FEDERAL",2011-05-18,"federal"
"18/04/2009","MEXICO","PUEBLA","21","PUEBLA","1673","GUATEMALA","GUATEMALA","MUJER","13","CASA HABITACIÓN","AGENTE DEL MINISTERIO PUBLICO DE LA FEDERACION","15/01/2014","DISTRITO FEDERAL",2009-04-18,"federal"
"18/02/2014","MEXICO","DISTRITO FEDERAL","9","CUAUHTEMOC","279","MEXICO","MEXICO","MUJER","27"," ","AGENTE DEL MINISTERIO PUBLICO DE LA FEDERACION","09/07/2014","DISTRITO FEDERAL",2014-02-18,"federal"
"18/02/2014","MEXICO","VERACRUZ","30","VILLA ALDAMA","2264","MEXICO","MEXICO","HOMBRE","NO DISPONIBLE","DESCONOCIDO","AGENTE DEL MINISTERIO PUBLICO DE LA FEDERACION","03/04/2014","VERACRUZ",2014-02-18,"federal"
"18/01/2014","MEXICO","GUERRERO","12","TELOLOAPAN","424","MEXICO","MEXICO","HOMBRE","46","DESCONOCIDO","AGENTE DEL MINISTERIO PUBLICO DE LA FEDERACION","02/12/2014","DISTRITO FEDERAL",2014-01-18,"federal"
"18/01/2011","MEXICO","TAMAULIPAS","28","NUEVO LAREDO","1994","MEXICO","MEXICO","HOMBRE","18","VÍA PÚBLICA","AGENTE DEL MINISTERIO PUBLICO DE LA FEDERACION","08/10/2014","DISTRITO FEDERAL",2011-01-18,"federal"
"17/09/2013","MEXICO","GUERRERO","12","IGUALA DE LA INDEPENDENCIA","401","MEXICO","MEXICO","HOMBRE","18","DESCONOCIDO","AGENTE DEL MINISTERIO PUBLICO DE LA FEDERACION","02/12/2014","DISTRITO FEDERAL",2013-09-17,"federal"
"17/06/2013","MEXICO","GUERRERO","12","ACAPULCO DE JUAREZ","367","MEXICO","MEXICO","HOMBRE","13","VÍA PÚBLICA","AGENTE DEL MINISTERIO PUBLICO DE LA FEDERACION","10/01/2014","GUERRERO",2013-06-17,"federal"
"17/06/2013","MEXICO","VERACRUZ","30","VILLA ALDAMA","2264","MEXICO","MEXICO","HOMBRE","NO DISPONIBLE","DESCONOCIDO","AGENTE DEL MINISTERIO PUBLICO DE LA FEDERACION","19/05/2014","VERACRUZ",2013-06-17,"federal"
"17/05/2009","MEXICO","GUERRERO","12","IGUALA DE LA INDEPENDENCIA","401","MEXICO","MEXICO","HOMBRE","26","CASA HABITACIÓN","AGENTE DEL MINISTERIO PUBLICO DE LA FEDERACION","02/12/2014","DISTRITO FEDERAL",2009-05-17,"federal"
"17/03/2014","MEXICO","TAMAULIPAS","28","REYNOSA","1999","COLOMBIA","COLOMBIA","HOMBRE","35","DESCONOCIDO","AGENTE DEL MINISTERIO PUBLICO DE LA FEDERACION","13/12/2014","DISTRITO FEDERAL",2014-03-17,"federal"
"17/02/2014","MEXICO","TAMAULIPAS","28","REYNOSA","1999","GUATEMALA","GUATEMALA","HOMBRE","20"," ","AGENTE DEL MINISTERIO PUBLICO DE LA FEDERACION","19/06/2014","DISTRITO FEDERAL",2014-02-17,"federal"
"17/02/2014","MEXICO","TAMAULIPAS","28","REYNOSA","1999","GUATEMALA","GUATEMALA","HOMBRE","18"," ","AGENTE DEL MINISTERIO PUBLICO DE LA FEDERACION","19/06/2014","DISTRITO FEDERAL",2014-02-17,"federal"
"17/02/2014","MEXICO","TAMAULIPAS","28","REYNOSA","1999","GUATEMALA","GUATEMALA","HOMBRE","21"," ","AGENTE DEL MINISTERIO PUBLICO DE LA FEDERACION","19/06/2014","DISTRITO FEDERAL",2014-02-17,"federal"
"17/02/2014","MEXICO","TAMAULIPAS","28","REYNOSA","1999","GUATEMALA","GUATEMALA","HOMBRE","25"," ","AGENTE DEL MINISTERIO PUBLICO DE LA FEDERACION","19/06/2014","DISTRITO FEDERAL",2014-02-17,"federal"
"17/02/2014","MEXICO","TAMAULIPAS","28","REYNOSA","1999","GUATEMALA","GUATEMALA","HOMBRE","35"," ","AGENTE DEL MINISTERIO PUBLICO DE LA FEDERACION","19/06/2014","DISTRITO FEDERAL",2014-02-17,"federal"
"17/02/2014","MEXICO","TAMAULIPAS","28","REYNOSA","1999","GUATEMALA","GUATEMALA","HOMBRE","16"," ","AGENTE DEL MINISTERIO PUBLICO DE LA FEDERACION","19/06/2014","DISTRITO FEDERAL",2014-02-17,"federal"
"17/02/2014","MEXICO","TAMAULIPAS","28","REYNOSA","1999","GUATEMALA","GUATEMALA","HOMBRE","29"," ","AGENTE DEL MINISTERIO PUBLICO DE LA FEDERACION","19/06/2014","DISTRITO FEDERAL",2014-02-17,"federal"
"16/11/2013","MEXICO","VERACRUZ","30","LA ANTIGUA","2086","MEXICO","MEXICO","HOMBRE","27","VÍA PÚBLICA","AGENTE DEL MINISTERIO PUBLICO DE LA FEDERACION","06/05/2014","VERACRUZ",2013-11-16,"federal"
"16/11/2011","MEXICO","GUERRERO","12","IGUALA DE LA INDEPENDENCIA","401","MEXICO","MEXICO","HOMBRE","26","DESCONOCIDO","AGENTE DEL MINISTERIO PUBLICO DE LA FEDERACION","02/12/2014","DISTRITO FEDERAL",2011-11-16,"federal"
"16/09/2013","MEXICO","TAMAULIPAS","28","PADILLA","1997","MEXICO","MEXICO","HOMBRE","NO DISPONIBLE","CARRETERA","AGENTE DEL MINISTERIO PUBLICO DE LA FEDERACION","20/10/2014","DISTRITO FEDERAL",2013-09-16,"federal"
"16/07/2014","EXTRANJERO","EXTRANJERO","34","EXTRANJERO","2445","GUATEMALA","GUATEMALA","MUJER","0"," ","AGENTE DEL MINISTERIO PUBLICO DE LA FEDERACION","05/08/2014","DISTRITO FEDERAL",2014-07-16,"federal"
"16/07/2011","MEXICO","VERACRUZ","30","VERACRUZ","2263","COLOMBIA","COLOMBIA","HOMBRE","45","DESCONOCIDO","AGENTE DEL MINISTERIO PUBLICO DE LA FEDERACION","23/12/2014","DISTRITO FEDERAL",2011-07-16,"federal"
"16/04/2013","MEXICO","VERACRUZ","30","COATEPEC","2108","MEXICO","MEXICO","HOMBRE","22","VÍA PÚBLICA","AGENTE DEL MINISTERIO PUBLICO DE LA FEDERACION","02/10/2014","DISTRITO FEDERAL",2013-04-16,"federal"
"16/04/2013","MEXICO","MEXICO","15","IXTAPALUCA","689","MEXICO","MEXICO","MUJER","15"," ","AGENTE DEL MINISTERIO PUBLICO DE LA FEDERACION","02/07/2014","DISTRITO FEDERAL",2013-04-16,"federal"
"15/12/2011","MEXICO","VERACRUZ","30","XALAPA","2157","MEXICO","MEXICO","HOMBRE","45","DESCONOCIDO","AGENTE DEL MINISTERIO PUBLICO DE LA FEDERACION","02/10/2014","DISTRITO FEDERAL",2011-12-15,"federal"
"15/11/2014","MEXICO","DISTRITO FEDERAL","9","GUSTAVO A. MADERO","269","PERU","PERU","HOMBRE","27","CARRETERA","AGENTE DEL MINISTERIO PUBLICO DE LA FEDERACION","01/12/2014","DISTRITO FEDERAL",2014-11-15,"federal"
"15/08/2013","MEXICO","VERACRUZ","30","XALAPA","2157","MEXICO","MEXICO","HOMBRE","37","VÍA PÚBLICA","AGENTE DEL MINISTERIO PUBLICO DE LA FEDERACION","24/12/2014","DISTRITO FEDERAL",2013-08-15,"federal"
"15/07/2014","EXTRANJERO","EXTRANJERO","34","EXTRANJERO","2445","GUATEMALA","GUATEMALA","MUJER","17"," ","AGENTE DEL MINISTERIO PUBLICO DE LA FEDERACION","30/07/2014","DISTRITO FEDERAL",2014-07-15,"federal"
"15/07/2008","MEXICO","BAJA CALIFORNIA","2","TIJUANA","15","MEXICO","MEXICO","MUJER","28"," ","AGENTE DEL MINISTERIO PUBLICO DE LA FEDERACION","23/06/2014","DISTRITO FEDERAL",2008-07-15,"federal"
"15/04/2014","MEXICO","TAMAULIPAS","28","NUEVO LAREDO","1994","MEXICO","MEXICO","HOMBRE","0"," ","AGENTE DEL MINISTERIO PUBLICO DE LA FEDERACION","14/05/2014","TAMAULIPAS",2014-04-15,"federal"
"15/04/2014","MEXICO","TAMAULIPAS","28","NUEVO LAREDO","1994","MEXICO","MEXICO","HOMBRE","0"," ","AGENTE DEL MINISTERIO PUBLICO DE LA FEDERACION","14/05/2014","TAMAULIPAS",2014-04-15,"federal"
"15/04/2009","MEXICO","MICHOACAN","16","LAZARO CARDENAS","824","MEXICO","MEXICO","HOMBRE","26","DESCONOCIDO","AGENTE DEL MINISTERIO PUBLICO DE LA FEDERACION","28/01/2015","DISTRITO FEDERAL",2009-04-15,"federal"
"15/01/2015","MEXICO","OAXACA","20","OAXACA DE JUAREZ","1056","MEXICO","MEXICO","HOMBRE","0","DESCONOCIDO","AGENTE DEL MINISTERIO PUBLICO DE LA FEDERACION","15/01/2015","OAXACA",2015-01-15,"federal"
"15/01/2015","MEXICO","OAXACA","20","OAXACA DE JUAREZ","1056","MEXICO","MEXICO","HOMBRE","16"," ","AGENTE DEL MINISTERIO PUBLICO DE LA FEDERACION","15/01/2015","OAXACA",2015-01-15,"federal"
"15/01/2015","MEXICO","TAMAULIPAS","28","MATAMOROS","1989","MEXICO","MEXICO","HOMBRE","40","CARRETERA","AGENTE DEL MINISTERIO PUBLICO DE LA FEDERACION","15/01/2015","TAMAULIPAS",2015-01-15,"federal"
"14/12/2013","MEXICO","QUINTANA ROO","23","BACALAR","2447","MEXICO","MEXICO","HOMBRE","21","DESCONOCIDO","AGENTE DEL MINISTERIO PUBLICO DE LA FEDERACION","08/12/2014","DISTRITO FEDERAL",2013-12-14,"federal"
"14/12/2012","MEXICO","JALISCO","14","LA BARCA","544","MEXICO","MEXICO","HOMBRE","39","DESCONOCIDO","AGENTE DEL MINISTERIO PUBLICO DE LA FEDERACION","20/03/2014","DISTRITO FEDERAL",2012-12-14,"federal"
"14/12/2012","MEXICO","JALISCO","14","LA BARCA","544","MEXICO","MEXICO","HOMBRE","41","DESCONOCIDO","AGENTE DEL MINISTERIO PUBLICO DE LA FEDERACION","20/03/2014","DISTRITO FEDERAL",2012-12-14,"federal"
"14/11/2010","MEXICO","TAMAULIPAS","28","NUEVO LAREDO","1994","MEXICO","MEXICO","HOMBRE","36","DESCONOCIDO","AGENTE DEL MINISTERIO PUBLICO DE LA FEDERACION","18/03/2014","DISTRITO FEDERAL",2010-11-14,"federal"
"14/11/2008","MEXICO","CHIHUAHUA","8","JUAREZ","235","MEXICO","MEXICO","HOMBRE","NO DISPONIBLE","DESCONOCIDO","AGENTE DEL MINISTERIO PUBLICO DE LA FEDERACION","15/08/2014","DISTRITO FEDERAL",2008-11-14,"federal"
"14/11/2008","MEXICO","CHIHUAHUA","8","JUAREZ","235","MEXICO","MEXICO","HOMBRE","NO DISPONIBLE","DESCONOCIDO","AGENTE DEL MINISTERIO PUBLICO DE LA FEDERACION","15/08/2014","DISTRITO FEDERAL",2008-11-14,"federal"
"14/09/2012","MEXICO","VERACRUZ","30","XALAPA","2157","MEXICO","MEXICO","MUJER","19"," ","AGENTE DEL MINISTERIO PUBLICO DE LA FEDERACION","29/07/2014","DISTRITO FEDERAL",2012-09-14,"federal"
"14/08/2014","MEXICO","OAXACA","20","HEROICA CIUDAD DE TLAXIACO","1386","MEXICO","MEXICO","HOMBRE","3"," ","AGENTE DEL MINISTERIO PUBLICO DE LA FEDERACION","30/09/2014","DISTRITO FEDERAL",2014-08-14,"federal"
"14/07/2010","MEXICO","TAMAULIPAS","28","GUSTAVO DIAZ ORDAZ","1982","MEXICO","MEXICO","HOMBRE","NO DISPONIBLE","DESCONOCIDO","AGENTE DEL MINISTERIO PUBLICO DE LA FEDERACION","06/03/2014","DISTRITO FEDERAL",2010-07-14,"federal"
"14/06/2012","MEXICO","SONORA","26","SARIC","1938","MEXICO","MEXICO","HOMBRE","44","DESCONOCIDO","AGENTE DEL MINISTERIO PUBLICO DE LA FEDERACION","13/12/2014","OAXACA",2012-06-14,"federal"
"14/04/2011","MEXICO","TAMAULIPAS","28","NUEVO LAREDO","1994","MEXICO","MEXICO","HOMBRE","17","LOCAL COMERCIAL","AGENTE DEL MINISTERIO PUBLICO DE LA FEDERACION","13/12/2014","OAXACA",2011-04-14,"federal"
"14/02/2014","MEXICO","TAMAULIPAS","28","NUEVO MORELOS","1995","MEXICO","MEXICO","HOMBRE","42"," ","AGENTE DEL MINISTERIO PUBLICO DE LA FEDERACION","22/05/2014","TAMAULIPAS",2014-02-14,"federal"
"14/01/2015","MEXICO","OAXACA","20","OAXACA DE JUAREZ","1056","MEXICO","MEXICO","HOMBRE","16","DESCONOCIDO","AGENTE DEL MINISTERIO PUBLICO DE LA FEDERACION","14/01/2015","OAXACA",2015-01-14,"federal"
"13/12/2014","MEXICO","COAHUILA","5","PIEDRAS NEGRAS","57","MEXICO","MEXICO","HOMBRE","NO DISPONIBLE","VÍA PÚBLICA","AGENTE DEL MINISTERIO PUBLICO DE LA FEDERACION","22/01/2015","COAHUILA",2014-12-13,"federal"
"13/10/2014","MEXICO","TAMAULIPAS","28","REYNOSA","1999","MEXICO","MEXICO","HOMBRE","0","DESCONOCIDO","AGENTE DEL MINISTERIO PUBLICO DE LA FEDERACION","14/10/2014","TAMAULIPAS",2014-10-13,"federal"
"13/10/2010","MEXICO","HIDALGO","13","TLAXCOAPAN","516","MEXICO","MEXICO","MUJER","19"," ","AGENTE DEL MINISTERIO PUBLICO DE LA FEDERACION","19/05/2014","DISTRITO FEDERAL",2010-10-13,"federal"
"13/09/2013","MEXICO","MICHOACAN","16","TANCITARO","855","MEXICO","MEXICO","HOMBRE","43","VÍA PÚBLICA","AGENTE DEL MINISTERIO PUBLICO DE LA FEDERACION","10/01/2014","DISTRITO FEDERAL",2013-09-13,"federal"
"13/09/2008","MEXICO","CHIHUAHUA","8","JUAREZ","235","MEXICO","MEXICO","HOMBRE","32"," ","AGENTE DEL MINISTERIO PUBLICO DE LA FEDERACION","14/04/2014","CHIHUAHUA",2008-09-13,"federal"
"13/08/2012","MEXICO","VERACRUZ","30","XALAPA","2157","MEXICO","MEXICO","HOMBRE","NO DISPONIBLE","DESCONOCIDO","AGENTE DEL MINISTERIO PUBLICO DE LA FEDERACION","06/03/2014","VERACRUZ",2012-08-13,"federal"
"13/07/2012","MEXICO","VERACRUZ","30","XALAPA","2157","MEXICO","MEXICO","HOMBRE","NO DISPONIBLE","DESCONOCIDO","AGENTE DEL MINISTERIO PUBLICO DE LA FEDERACION","03/03/2014","VERACRUZ",2012-07-13,"federal"
"13/06/2013","MEXICO","GUERRERO","12","IXCATEOPAN DE CUAUHTEMOC","403","MEXICO","MEXICO","MUJER","27","DESCONOCIDO","AGENTE DEL MINISTERIO PUBLICO DE LA FEDERACION","02/12/2014","DISTRITO FEDERAL",2013-06-13,"federal"
"13/06/2013","MEXICO","GUERRERO","12","IXCATEOPAN DE CUAUHTEMOC","403","MEXICO","MEXICO","HOMBRE","45","DESCONOCIDO","AGENTE DEL MINISTERIO PUBLICO DE LA FEDERACION","02/12/2014","DISTRITO FEDERAL",2013-06-13,"federal"
"13/03/2014","MEXICO","GUERRERO","12","ACAPULCO DE JUAREZ","367","CUBA","CUBA","HOMBRE","40","INMUEBLE (OTROS)","AGENTE DEL MINISTERIO PUBLICO DE LA FEDERACION","14/05/2014","DISTRITO FEDERAL",2014-03-13,"federal"
"13/03/2013","MEXICO","GUERRERO","12","IGUALA DE LA INDEPENDENCIA","401","MEXICO","MEXICO","HOMBRE","27","VÍA PÚBLICA","AGENTE DEL MINISTERIO PUBLICO DE LA FEDERACION","02/12/2014","DISTRITO FEDERAL",2013-03-13,"federal"
"13/03/2013","MEXICO","GUERRERO","12","IGUALA DE LA INDEPENDENCIA","401","MEXICO","MEXICO","HOMBRE","NO DISPONIBLE","DESCONOCIDO","AGENTE DEL MINISTERIO PUBLICO DE LA FEDERACION","02/12/2014","DISTRITO FEDERAL",2013-03-13,"federal"
"13/01/2010","MEXICO","GUERRERO","12","IGUALA DE LA INDEPENDENCIA","401","MEXICO","MEXICO","HOMBRE","NO DISPONIBLE","VÍA PÚBLICA","AGENTE DEL MINISTERIO PUBLICO DE LA FEDERACION","02/12/2014","DISTRITO FEDERAL",2010-01-13,"federal"
"12/12/2014","MEXICO","COAHUILA","5","PIEDRAS NEGRAS","57","MEXICO","MEXICO","HOMBRE","NO DISPONIBLE","CASA HABITACIÓN","AGENTE DEL MINISTERIO PUBLICO DE LA FEDERACION","22/01/2015","COAHUILA",2014-12-12,"federal"
"12/10/2013","MEXICO","GUERRERO","12","IGUALA DE LA INDEPENDENCIA","401","MEXICO","MEXICO","HOMBRE","27","DESCONOCIDO","AGENTE DEL MINISTERIO PUBLICO DE LA FEDERACION","02/12/2014","DISTRITO FEDERAL",2013-10-12,"federal"
"12/08/2014","MEXICO","HIDALGO","13","IXMIQUILPAN","472","MEXICO","MEXICO","MUJER","16"," ","AGENTE DEL MINISTERIO PUBLICO DE LA FEDERACION","12/09/2014","DISTRITO FEDERAL",2014-08-12,"federal"
"12/08/2013","MEXICO","CHIHUAHUA","8","ASCENSION","203","MEXICO","MEXICO","MUJER","18"," ","AGENTE DEL MINISTERIO PUBLICO DE LA FEDERACION","26/09/2014","DISTRITO FEDERAL",2013-08-12,"federal"
"12/07/2013","MEXICO","DISTRITO FEDERAL","9","AZCAPOTZALCO","266","COLOMBIA","COLOMBIA","HOMBRE","46","DESCONOCIDO","AGENTE DEL MINISTERIO PUBLICO DE LA FEDERACION","01/10/2014","DISTRITO FEDERAL",2013-07-12,"federal"
"12/05/2013","MEXICO","VERACRUZ","30","LAS VIGAS DE RAMIREZ","2202","MEXICO","MEXICO","HOMBRE","NO DISPONIBLE","DESCONOCIDO","AGENTE DEL MINISTERIO PUBLICO DE LA FEDERACION","08/09/2014","VERACRUZ",2013-05-12,"federal"
"12/05/2013","MEXICO","JALISCO","14","ZAPOPAN","646","MEXICO","MEXICO","HOMBRE","NO DISPONIBLE","VÍA PÚBLICA","AGENTE DEL MINISTERIO PUBLICO DE LA FEDERACION","11/09/2014","DISTRITO FEDERAL",2013-05-12,"federal"
"12/05/2012","MEXICO","TAMAULIPAS","28","VICTORIA","2008","MEXICO","MEXICO","MUJER","52"," ","AGENTE DEL MINISTERIO PUBLICO DE LA FEDERACION","05/08/2014","TAMAULIPAS",2012-05-12,"federal"
"12/02/2012","MEXICO","MEXICO","15","CHAPA DE MOTA","676","COLOMBIA","COLOMBIA","MUJER","36","DESCONOCIDO","AGENTE DEL MINISTERIO PUBLICO DE LA FEDERACION","29/09/2014","DISTRITO FEDERAL",2012-02-12,"federal"
"12/01/2014","MEXICO","GUERRERO","12","IGUALA DE LA INDEPENDENCIA","401","MEXICO","MEXICO","HOMBRE","37","DESCONOCIDO","AGENTE DEL MINISTERIO PUBLICO DE LA FEDERACION","02/12/2014","DISTRITO FEDERAL",2014-01-12,"federal"
"11/12/2013","MEXICO","VERACRUZ","30","VERACRUZ","2263","MEXICO","MEXICO","HOMBRE","17","INMUEBLE (OTROS)","AGENTE DEL MINISTERIO PUBLICO DE LA FEDERACION","10/07/2014","DISTRITO FEDERAL",2013-12-11,"federal"
"11/09/2013","MEXICO","TAMAULIPAS","28","NUEVO LAREDO","1994","MEXICO","MEXICO","HOMBRE","0"," ","AGENTE DEL MINISTERIO PUBLICO DE LA FEDERACION","18/02/2014","TAMAULIPAS",2013-09-11,"federal"
"11/07/2013","MEXICO","VERACRUZ","30","FORTIN","2138","MEXICO","MEXICO","MUJER","24"," ","AGENTE DEL MINISTERIO PUBLICO DE LA FEDERACION","06/06/2014","DISTRITO FEDERAL",2013-07-11,"federal"
"11/05/2013","MEXICO","GUERRERO","12","IGUALA DE LA INDEPENDENCIA","401","MEXICO","MEXICO","HOMBRE","NO DISPONIBLE","VÍA PÚBLICA","AGENTE DEL MINISTERIO PUBLICO DE LA FEDERACION","02/12/2014","DISTRITO FEDERAL",2013-05-11,"federal"
"11/05/2006","MEXICO","JALISCO","14","TLAJOMULCO DE ZUNIGA","623","MEXICO","MEXICO","MUJER","23","DESCONOCIDO","AGENTE DEL MINISTERIO PUBLICO DE LA FEDERACION","14/07/2014","COAHUILA",2006-05-11,"federal"
"11/04/2014","MEXICO","SINALOA","25","AHOME","1861","MEXICO","MEXICO","HOMBRE","0","VÍA PÚBLICA","AGENTE DEL MINISTERIO PUBLICO DE LA FEDERACION","11/06/2014","SINALOA",2014-04-11,"federal"
"11/01/2011","MEXICO","NUEVO LEON","19","SAN NICOLAS DE LOS GARZA","984","MEXICO","MEXICO","HOMBRE","18","CASA HABITACIÓN","AGENTE DEL MINISTERIO PUBLICO DE LA FEDERACION","18/09/2014","DISTRITO FEDERAL",2011-01-11,"federal"
"10/12/2014","MEXICO","COAHUILA","5","PIEDRAS NEGRAS","57","MEXICO","MEXICO","HOMBRE","NO DISPONIBLE","VÍA PÚBLICA","AGENTE DEL MINISTERIO PUBLICO DE LA FEDERACION","22/01/2015","COAHUILA",2014-12-10,"federal"
"10/05/2013","MEXICO","GUERRERO","12","IGUALA DE LA INDEPENDENCIA","401","MEXICO","MEXICO","HOMBRE","35","VÍA PÚBLICA","AGENTE DEL MINISTERIO PUBLICO DE LA FEDERACION","02/12/2014","DISTRITO FEDERAL",2013-05-10,"federal"
"10/05/2013","MEXICO","GUERRERO","12","IGUALA DE LA INDEPENDENCIA","401","MEXICO","MEXICO","HOMBRE","NO DISPONIBLE","VÍA PÚBLICA","AGENTE DEL MINISTERIO PUBLICO DE LA FEDERACION","02/12/2014","DISTRITO FEDERAL",2013-05-10,"federal"
"10/05/2010","MEXICO","COAHUILA","5","TORREON   ","67","MEXICO","MEXICO","HOMBRE","40","VÍA PÚBLICA","AGENTE DEL MINISTERIO PUBLICO DE LA FEDERACION","20/10/2014","COAHUILA",2010-05-10,"federal"
"10/04/2014","MEXICO","DISTRITO FEDERAL","9","ALVARO OBREGON","274","MEXICO","MEXICO","MUJER","17"," ","AGENTE DEL MINISTERIO PUBLICO DE LA FEDERACION","14/04/2014","DISTRITO FEDERAL",2014-04-10,"federal"
"10/01/2014","MEXICO","VERACRUZ","30","VILLA ALDAMA","2264","MEXICO","MEXICO","HOMBRE","NO DISPONIBLE","DESCONOCIDO","AGENTE DEL MINISTERIO PUBLICO DE LA FEDERACION","14/01/2014","VERACRUZ",2014-01-10,"federal"
"10/01/2014","MEXICO","MICHOACAN","16","HUETAMO","810","MEXICO","MEXICO","HOMBRE","22","DESCONOCIDO","AGENTE DEL MINISTERIO PUBLICO DE LA FEDERACION","20/06/2014","DISTRITO FEDERAL",2014-01-10,"federal"
"10/01/2014","MEXICO","MEXICO","15","TLALNEPANTLA DE BAZ","754","MEXICO","MEXICO","MUJER","47","CASA HABITACIÓN","AGENTE DEL MINISTERIO PUBLICO DE LA FEDERACION","22/01/2014","DISTRITO FEDERAL",2014-01-10,"federal"
"10/01/2010","MEXICO","DISTRITO FEDERAL","9","CUAUHTEMOC","279","COLOMBIA","COLOMBIA","MUJER","35","DESCONOCIDO","AGENTE DEL MINISTERIO PUBLICO DE LA FEDERACION","13/11/2014","DISTRITO FEDERAL",2010-01-10,"federal"
"09/12/2014","MEXICO","DISTRITO FEDERAL","9","GUSTAVO A. MADERO","269","MEXICO","MEXICO","MUJER","20","CASA HABITACIÓN","AGENTE DEL MINISTERIO PUBLICO DE LA FEDERACION","08/01/2015","DISTRITO FEDERAL",2014-12-09,"federal"
"09/12/2014","MEXICO","DISTRITO FEDERAL","9","GUSTAVO A. MADERO","269","MEXICO","MEXICO","HOMBRE","2","CASA HABITACIÓN","AGENTE DEL MINISTERIO PUBLICO DE LA FEDERACION","08/01/2015","DISTRITO FEDERAL",2014-12-09,"federal"
"09/12/2009","MEXICO","MICHOACAN","16","URUAPAN","874","MEXICO","MEXICO","HOMBRE","19"," ","AGENTE DEL MINISTERIO PUBLICO DE LA FEDERACION","03/04/2014","MICHOACÁN",2009-12-09,"federal"
"09/11/2014","MEXICO","TAMAULIPAS","28","MATAMOROS","1989","MEXICO","MEXICO","MUJER","54","CARRETERA","AGENTE DEL MINISTERIO PUBLICO DE LA FEDERACION","20/01/2015","TAMAULIPAS",2014-11-09,"federal"
"09/11/2014","MEXICO","TAMAULIPAS","28","MATAMOROS","1989","MEXICO","MEXICO","HOMBRE","0","CARRETERA","AGENTE DEL MINISTERIO PUBLICO DE LA FEDERACION","20/01/2015","TAMAULIPAS",2014-11-09,"federal"
"09/11/2014","MEXICO","TAMAULIPAS","28","MATAMOROS","1989","MEXICO","MEXICO","HOMBRE","0","CARRETERA","AGENTE DEL MINISTERIO PUBLICO DE LA FEDERACION","20/01/2015","TAMAULIPAS",2014-11-09,"federal"
"09/09/2013","MEXICO","GUERRERO","12","COCULA","383","MEXICO","MEXICO","HOMBRE","28","DESCONOCIDO","AGENTE DEL MINISTERIO PUBLICO DE LA FEDERACION","02/12/2014","DISTRITO FEDERAL",2013-09-09,"federal"
"09/08/2014","MEXICO","TAMAULIPAS","28","EL MANTE","1988","MEXICO","MEXICO","HOMBRE","0","DESCONOCIDO","AGENTE DEL MINISTERIO PUBLICO DE LA FEDERACION","21/01/2015","TAMAULIPAS",2014-08-09,"federal"
"09/06/2014","MEXICO","DISTRITO FEDERAL","9","VENUSTIANO CARRANZA","281","MEXICO","MEXICO","MUJER","16"," ","AGENTE DEL MINISTERIO PUBLICO DE LA FEDERACION","16/06/2014","DISTRITO FEDERAL",2014-06-09,"federal"
"09/06/2014","MEXICO","JALISCO","14","TONALA","627","MEXICO","MEXICO","HOMBRE","0","DESCONOCIDO","AGENTE DEL MINISTERIO PUBLICO DE LA FEDERACION","25/07/2014","JALISCO",2014-06-09,"federal"
"09/06/2002","MEXICO","GUERRERO","12","IGUALAPA","402","MEXICO","MEXICO","HOMBRE","54","DESCONOCIDO","AGENTE DEL MINISTERIO PUBLICO DE LA FEDERACION","02/12/2014","DISTRITO FEDERAL",2002-06-09,"federal"
"09/03/2013","MEXICO","GUERRERO","12","ATENANGO DEL RIO","374","MEXICO","MEXICO","MUJER","55","CASA HABITACIÓN","AGENTE DEL MINISTERIO PUBLICO DE LA FEDERACION","12/01/2015","DISTRITO FEDERAL",2013-03-09,"federal"
"09/02/2009","MEXICO","TLAXCALA","29","TLAXCALA","2043","MEXICO","MEXICO","MUJER","13"," ","AGENTE DEL MINISTERIO PUBLICO DE LA FEDERACION","06/06/2014","DISTRITO FEDERAL",2009-02-09,"federal"
"09/01/2015","MEXICO","MEXICO","15","CHIMALHUACAN","681","MEXICO","MEXICO","MUJER","17","CASA HABITACIÓN","AGENTE DEL MINISTERIO PUBLICO DE LA FEDERACION","15/01/2015","DISTRITO FEDERAL",2015-01-09,"federal"
"09/01/2014","MEXICO","DISTRITO FEDERAL","9","GUSTAVO A. MADERO","269","MEXICO","MEXICO","MUJER","12"," ","AGENTE DEL MINISTERIO PUBLICO DE LA FEDERACION","21/01/2014","DISTRITO FEDERAL",2014-01-09,"federal"
"08/11/2013","MEXICO","ZACATECAS","32","OJOCALIENTE","2422","MEXICO","MEXICO","MUJER","13"," ","AGENTE DEL MINISTERIO PUBLICO DE LA FEDERACION","25/08/2014","DISTRITO FEDERAL",2013-11-08,"federal"
"08/10/2012","EXTRANJERO","EXTRANJERO","34","EXTRANJERO","2445","GUATEMALA","GUATEMALA","HOMBRE","7","CASA HABITACIÓN","AGENTE DEL MINISTERIO PUBLICO DE LA FEDERACION","15/01/2014","DISTRITO FEDERAL",2012-10-08,"federal"
"08/03/2014","MEXICO","GUERRERO","12","IGUALA DE LA INDEPENDENCIA","401","MEXICO","MEXICO","HOMBRE","47","DESCONOCIDO","AGENTE DEL MINISTERIO PUBLICO DE LA FEDERACION","02/12/2014","DISTRITO FEDERAL",2014-03-08,"federal"
"07/12/2013","MEXICO","TAMAULIPAS","28","VICTORIA","2008","MEXICO","MEXICO","MUJER","36","INMUEBLE (OTROS)","AGENTE DEL MINISTERIO PUBLICO DE LA FEDERACION","25/09/2014","DISTRITO FEDERAL",2013-12-07,"federal"
"07/11/2012","MEXICO","TAMAULIPAS","28","OCAMPO","1996","MEXICO","MEXICO","HOMBRE","0"," ","AGENTE DEL MINISTERIO PUBLICO DE LA FEDERACION","14/01/2014","TAMAULIPAS",2012-11-07,"federal"
"07/11/2012","MEXICO","TAMAULIPAS","28","OCAMPO","1996","MEXICO","MEXICO","HOMBRE","0"," ","AGENTE DEL MINISTERIO PUBLICO DE LA FEDERACION","14/01/2014","TAMAULIPAS",2012-11-07,"federal"
"07/10/2013","MEXICO","GUERRERO","12","ACAPULCO DE JUAREZ","367","MEXICO","MEXICO","HOMBRE","43","VÍA PÚBLICA","AGENTE DEL MINISTERIO PUBLICO DE LA FEDERACION","03/09/2014","DISTRITO FEDERAL",2013-10-07,"federal"
"07/10/2012","MEXICO","CHIHUAHUA","8","GUADALUPE","226","MEXICO","MEXICO","HOMBRE","NO DISPONIBLE","DESCONOCIDO","AGENTE DEL MINISTERIO PUBLICO DE LA FEDERACION","15/08/2014","DISTRITO FEDERAL",2012-10-07,"federal"
"07/08/2014","MEXICO","PUEBLA","21","PUEBLA","1673","MEXICO","MEXICO","MUJER","25","CASA HABITACIÓN","AGENTE DEL MINISTERIO PUBLICO DE LA FEDERACION","19/12/2014","DISTRITO FEDERAL",2014-08-07,"federal"
"07/06/2011","MEXICO","CHIHUAHUA","8","JUAREZ","235","MEXICO","MEXICO","MUJER","18"," ","AGENTE DEL MINISTERIO PUBLICO DE LA FEDERACION","23/06/2014","DISTRITO FEDERAL",2011-06-07,"federal"
"07/05/2014","MEXICO","VERACRUZ","30","PAPANTLA","2194","MEXICO","MEXICO","HOMBRE","18","CASA HABITACIÓN","AGENTE DEL MINISTERIO PUBLICO DE LA FEDERACION","15/12/2014","DISTRITO FEDERAL",2014-05-07,"federal"
"07/05/2010","MEXICO","COAHUILA","5","TORREON   ","67","MEXICO","MEXICO","HOMBRE","22","VÍA PÚBLICA","AGENTE DEL MINISTERIO PUBLICO DE LA FEDERACION","02/09/2014","COAHUILA",2010-05-07,"federal"
"07/04/2013","MEXICO","GUERRERO","12","IGUALA DE LA INDEPENDENCIA","401","MEXICO","MEXICO","HOMBRE","34","DESCONOCIDO","AGENTE DEL MINISTERIO PUBLICO DE LA FEDERACION","02/12/2014","DISTRITO FEDERAL",2013-04-07,"federal"
"07/01/2015","MEXICO","DISTRITO FEDERAL","9","MIGUEL HIDALGO","280","MEXICO","MEXICO","HOMBRE","NO DISPONIBLE","DESCONOCIDO","AGENTE DEL MINISTERIO PUBLICO DE LA FEDERACION","21/01/2015","DISTRITO FEDERAL",2015-01-07,"federal"
"07/01/2014","MEXICO","GUERRERO","12","IGUALA DE LA INDEPENDENCIA","401","MEXICO","MEXICO","HOMBRE","36","DESCONOCIDO","AGENTE DEL MINISTERIO PUBLICO DE LA FEDERACION","02/12/2014","DISTRITO FEDERAL",2014-01-07,"federal"
"06/12/2014","MEXICO","DISTRITO FEDERAL","9","VENUSTIANO CARRANZA","281","MEXICO","MEXICO","MUJER","14","VÍA PÚBLICA","AGENTE DEL MINISTERIO PUBLICO DE LA FEDERACION","09/12/2014","DISTRITO FEDERAL",2014-12-06,"federal"
"06/12/2014","MEXICO","DISTRITO FEDERAL","9","VENUSTIANO CARRANZA","281","MEXICO","MEXICO","MUJER","17","VÍA PÚBLICA","AGENTE DEL MINISTERIO PUBLICO DE LA FEDERACION","09/12/2014","DISTRITO FEDERAL",2014-12-06,"federal"
"06/12/2013","MEXICO","COAHUILA","5","TORREON   ","67","MEXICO","MEXICO","HOMBRE","25","VÍA PÚBLICA","AGENTE DEL MINISTERIO PUBLICO DE LA FEDERACION","30/07/2014","COAHUILA",2013-12-06,"federal"
"06/12/1982","MEXICO","TAMAULIPAS","28","ALDAMA","1969","MEXICO","MEXICO","HOMBRE","39"," ","AGENTE DEL MINISTERIO PUBLICO DE LA FEDERACION","24/03/2014","TAMAULIPAS",1982-12-06,"federal"
"06/08/2014","MEXICO","MEXICO","15","ECATEPEC DE MORELOS","683","MEXICO","MEXICO","MUJER","15"," ","AGENTE DEL MINISTERIO PUBLICO DE LA FEDERACION","24/09/2014","DISTRITO FEDERAL",2014-08-06,"federal"
"06/04/2014","MEXICO","TAMAULIPAS","28","SAN FERNANDO","2002","MEXICO","MEXICO","HOMBRE","56"," ","AGENTE DEL MINISTERIO PUBLICO DE LA FEDERACION","07/05/2014","TAMAULIPAS",2014-04-06,"federal"
"06/04/2014","MEXICO","TAMAULIPAS","28","SAN FERNANDO","2002","MEXICO","MEXICO","HOMBRE","22"," ","AGENTE DEL MINISTERIO PUBLICO DE LA FEDERACION","07/05/2014","TAMAULIPAS",2014-04-06,"federal"
"06/03/2013","MEXICO","GUERRERO","12","TAXCO DE ALARCON","421","MEXICO","MEXICO","HOMBRE","19","DESCONOCIDO","AGENTE DEL MINISTERIO PUBLICO DE LA FEDERACION","20/02/2014","DISTRITO FEDERAL",2013-03-06,"federal"
"06/03/2012","MEXICO","TAMAULIPAS","28","REYNOSA","1999","MEXICO","MEXICO","HOMBRE","38"," ","AGENTE DEL MINISTERIO PUBLICO DE LA FEDERACION","09/06/2014","TAMAULIPAS",2012-03-06,"federal"
"06/01/2014","MEXICO","VERACRUZ","30","CAMERINO Z. MENDOZA","2100","MEXICO","MEXICO","MUJER","24","VÍA PÚBLICA","AGENTE DEL MINISTERIO PUBLICO DE LA FEDERACION","06/01/2014","DISTRITO FEDERAL",2014-01-06,"federal"
"06/01/2014","MEXICO","VERACRUZ","30","CAMERINO Z. MENDOZA","2100","MEXICO","MEXICO","HOMBRE","36","VÍA PÚBLICA","AGENTE DEL MINISTERIO PUBLICO DE LA FEDERACION","06/01/2014","DISTRITO FEDERAL",2014-01-06,"federal"
"05/12/2014","MEXICO","TAMAULIPAS","28","ALTAMIRA","1970","MEXICO","MEXICO","HOMBRE","67","DESCONOCIDO","AGENTE DEL MINISTERIO PUBLICO DE LA FEDERACION","08/12/2014","DISTRITO FEDERAL",2014-12-05,"federal"
"05/12/2014","MEXICO","TAMAULIPAS","28","ALTAMIRA","1970","MEXICO","MEXICO","HOMBRE","0","DESCONOCIDO","AGENTE DEL MINISTERIO PUBLICO DE LA FEDERACION","08/12/2014","DISTRITO FEDERAL",2014-12-05,"federal"
"05/11/2006","MEXICO","MEXICO","15","ATIZAPAN DE ZARAGOZA","663","MEXICO","MEXICO","MUJER","31"," ","AGENTE DEL MINISTERIO PUBLICO DE LA FEDERACION","02/04/2014","DISTRITO FEDERAL",2006-11-05,"federal"
"05/11/2006","MEXICO","MEXICO","15","ATIZAPAN DE ZARAGOZA","663","MEXICO","MEXICO","MUJER","4","CASA HABITACIÓN","AGENTE DEL MINISTERIO PUBLICO DE LA FEDERACION","02/04/2014","DISTRITO FEDERAL",2006-11-05,"federal"
"05/11/2006","MEXICO","MEXICO","15","ATIZAPAN DE ZARAGOZA","663","MEXICO","MEXICO","HOMBRE","3","DESCONOCIDO","AGENTE DEL MINISTERIO PUBLICO DE LA FEDERACION","02/04/2014","DISTRITO FEDERAL",2006-11-05,"federal"
"05/09/2014","MEXICO","GUERRERO","12","IGUALA DE LA INDEPENDENCIA","401","MEXICO","MEXICO","HOMBRE","0"," ","AGENTE DEL MINISTERIO PUBLICO DE LA FEDERACION","23/09/2014","DISTRITO FEDERAL",2014-09-05,"federal"
"05/09/2013","MEXICO","GUERRERO","12","COCULA","383","MEXICO","MEXICO","HOMBRE","30","VÍA PÚBLICA","AGENTE DEL MINISTERIO PUBLICO DE LA FEDERACION","02/12/2014","DISTRITO FEDERAL",2013-09-05,"federal"
"05/08/2014","MEXICO","GUERRERO","12","IGUALA DE LA INDEPENDENCIA","401","MEXICO","MEXICO","HOMBRE","47","DESCONOCIDO","AGENTE DEL MINISTERIO PUBLICO DE LA FEDERACION","02/12/2014","DISTRITO FEDERAL",2014-08-05,"federal"
"05/07/2012","MEXICO","GUERRERO","12","HUITZUCO DE LOS FIGUEROA","400","MEXICO","MEXICO","HOMBRE","38","VÍA PÚBLICA","AGENTE DEL MINISTERIO PUBLICO DE LA FEDERACION","08/12/2014","DISTRITO FEDERAL",2012-07-05,"federal"
"04/10/2014","MEXICO","JALISCO","14","PONCITLAN","592","MEXICO","MEXICO","HOMBRE","37","VÍA PÚBLICA","AGENTE DEL MINISTERIO PUBLICO DE LA FEDERACION","14/11/2014","DISTRITO FEDERAL",2014-10-04,"federal"
"04/09/2014","MEXICO","VERACRUZ","30","VERACRUZ","2263","MEXICO","MEXICO","HOMBRE","NO DISPONIBLE","VÍA PÚBLICA","AGENTE DEL MINISTERIO PUBLICO DE LA FEDERACION","12/11/2014","VERACRUZ",2014-09-04,"federal"
"04/09/2013","MEXICO","VERACRUZ","30","PEROTE","2198","MEXICO","MEXICO","MUJER","36","CASA HABITACIÓN","AGENTE DEL MINISTERIO PUBLICO DE LA FEDERACION","18/03/2014","DISTRITO FEDERAL",2013-09-04,"federal"
"04/09/2013","MEXICO","VERACRUZ","30","PEROTE","2198","MEXICO","MEXICO","HOMBRE","23","CASA HABITACIÓN","AGENTE DEL MINISTERIO PUBLICO DE LA FEDERACION","18/03/2014","DISTRITO FEDERAL",2013-09-04,"federal"
"04/09/2013","MEXICO","VERACRUZ","30","PEROTE","2198","MEXICO","MEXICO","MUJER","0","CASA HABITACIÓN","AGENTE DEL MINISTERIO PUBLICO DE LA FEDERACION","18/03/2014","DISTRITO FEDERAL",2013-09-04,"federal"
"04/09/2013","MEXICO","VERACRUZ","30","PEROTE","2198","MEXICO","MEXICO","MUJER","14","CASA HABITACIÓN","AGENTE DEL MINISTERIO PUBLICO DE LA FEDERACION","18/03/2014","DISTRITO FEDERAL",2013-09-04,"federal"
"04/09/2012","MEXICO","MEXICO","15","TLALNEPANTLA DE BAZ","754","MEXICO","MEXICO","MUJER","50"," ","AGENTE DEL MINISTERIO PUBLICO DE LA FEDERACION","20/08/2014","DISTRITO FEDERAL",2012-09-04,"federal"
"04/08/2012","MEXICO","VERACRUZ","30","XALAPA","2157","MEXICO","MEXICO","HOMBRE","NO DISPONIBLE","DESCONOCIDO","AGENTE DEL MINISTERIO PUBLICO DE LA FEDERACION","01/12/2014","VERACRUZ",2012-08-04,"federal"
"04/07/2014","EXTRANJERO","EXTRANJERO","34","EXTRANJERO","2445","GUATEMALA","GUATEMALA","HOMBRE","2"," ","AGENTE DEL MINISTERIO PUBLICO DE LA FEDERACION","14/07/2014","DISTRITO FEDERAL",2014-07-04,"federal"
"04/07/2012","MEXICO","VERACRUZ","30","VILLA ALDAMA","2264","MEXICO","MEXICO","HOMBRE","NO DISPONIBLE","DESCONOCIDO","AGENTE DEL MINISTERIO PUBLICO DE LA FEDERACION","11/04/2014","VERACRUZ",2012-07-04,"federal"
"04/05/2010","MEXICO","OAXACA","20","SAN JUAN BAUTISTA TUXTEPEC","1173","MEXICO","MEXICO","HOMBRE","33","CARRETERA","AGENTE DEL MINISTERIO PUBLICO DE LA FEDERACION","11/09/2014","DISTRITO FEDERAL",2010-05-04,"federal"
"04/05/2010","MEXICO","OAXACA","20","SAN JUAN BAUTISTA TUXTEPEC","1173","MEXICO","MEXICO","HOMBRE","40","CARRETERA","AGENTE DEL MINISTERIO PUBLICO DE LA FEDERACION","11/09/2014","DISTRITO FEDERAL",2010-05-04,"federal"
"04/05/2010","MEXICO","OAXACA","20","SAN JUAN BAUTISTA TUXTEPEC","1173","MEXICO","MEXICO","HOMBRE","40","CARRETERA","AGENTE DEL MINISTERIO PUBLICO DE LA FEDERACION","11/09/2014","DISTRITO FEDERAL",2010-05-04,"federal"
"04/05/2010","MEXICO","OAXACA","20","SAN JUAN BAUTISTA TUXTEPEC","1173","MEXICO","MEXICO","HOMBRE","41","CARRETERA","AGENTE DEL MINISTERIO PUBLICO DE LA FEDERACION","11/09/2014","DISTRITO FEDERAL",2010-05-04,"federal"
"04/05/2010","MEXICO","OAXACA","20","SAN JUAN BAUTISTA TUXTEPEC","1173","MEXICO","MEXICO","HOMBRE","NO DISPONIBLE","CARRETERA","AGENTE DEL MINISTERIO PUBLICO DE LA FEDERACION","11/09/2014","DISTRITO FEDERAL",2010-05-04,"federal"
"04/04/2013","MEXICO","GUERRERO","12","IGUALA DE LA INDEPENDENCIA","401","MEXICO","MEXICO","HOMBRE","NO DISPONIBLE","VÍA PÚBLICA","AGENTE DEL MINISTERIO PUBLICO DE LA FEDERACION","02/12/2014","DISTRITO FEDERAL",2013-04-04,"federal"
"03/11/2014","MEXICO","VERACRUZ","30","VERACRUZ","2263","MEXICO","MEXICO","HOMBRE","NO DISPONIBLE","DESCONOCIDO","AGENTE DEL MINISTERIO PUBLICO DE LA FEDERACION","28/01/2015","DISTRITO FEDERAL",2014-11-03,"federal"
"03/10/2011","MEXICO","GUERRERO","12","IGUALA DE LA INDEPENDENCIA","401","MEXICO","MEXICO","HOMBRE","29","DESCONOCIDO","AGENTE DEL MINISTERIO PUBLICO DE LA FEDERACION","02/12/2014","DISTRITO FEDERAL",2011-10-03,"federal"
"03/09/2013","MEXICO","GUERRERO","12","IGUALA DE LA INDEPENDENCIA","401","MEXICO","MEXICO","HOMBRE","NO DISPONIBLE","DESCONOCIDO","AGENTE DEL MINISTERIO PUBLICO DE LA FEDERACION","29/01/2015","DISTRITO FEDERAL",2013-09-03,"federal"
"03/09/2013","MEXICO","GUERRERO","12","IGUALA DE LA INDEPENDENCIA","401","MEXICO","MEXICO","HOMBRE","26","DESCONOCIDO","AGENTE DEL MINISTERIO PUBLICO DE LA FEDERACION","02/12/2014","DISTRITO FEDERAL",2013-09-03,"federal"
"03/08/2013","MEXICO","TAMAULIPAS","28","MATAMOROS","1989","MEXICO","MEXICO","HOMBRE","6"," ","AGENTE DEL MINISTERIO PUBLICO DE LA FEDERACION","10/06/2014","DISTRITO FEDERAL",2013-08-03,"federal"
"03/08/2013","MEXICO","TAMAULIPAS","28","MATAMOROS","1989","MEXICO","MEXICO","HOMBRE","12"," ","AGENTE DEL MINISTERIO PUBLICO DE LA FEDERACION","10/06/2014","DISTRITO FEDERAL",2013-08-03,"federal"
"03/08/2013","MEXICO","TAMAULIPAS","28","MATAMOROS","1989","MEXICO","MEXICO","MUJER","41"," ","AGENTE DEL MINISTERIO PUBLICO DE LA FEDERACION","10/06/2014","DISTRITO FEDERAL",2013-08-03,"federal"
"03/07/2012","MEXICO","GUERRERO","12","IGUALA DE LA INDEPENDENCIA","401","MEXICO","MEXICO","MUJER","NO DISPONIBLE","DESCONOCIDO","AGENTE DEL MINISTERIO PUBLICO DE LA FEDERACION","02/12/2014","DISTRITO FEDERAL",2012-07-03,"federal"
"03/07/2012","MEXICO","GUERRERO","12","IGUALA DE LA INDEPENDENCIA","401","MEXICO","MEXICO","MUJER","NO DISPONIBLE","DESCONOCIDO","AGENTE DEL MINISTERIO PUBLICO DE LA FEDERACION","02/12/2014","DISTRITO FEDERAL",2012-07-03,"federal"
"03/06/2014","MEXICO","DISTRITO FEDERAL","9","AZCAPOTZALCO","266","COLOMBIA","COLOMBIA","HOMBRE","44","DESCONOCIDO","AGENTE DEL MINISTERIO PUBLICO DE LA FEDERACION","09/07/2014","DISTRITO FEDERAL",2014-06-03,"federal"
"03/05/2014","MEXICO","GUANAJUATO","11","LEON","340","MEXICO","MEXICO","HOMBRE","NO DISPONIBLE","VÍA PÚBLICA","AGENTE DEL MINISTERIO PUBLICO DE LA FEDERACION","30/07/2014","DISTRITO FEDERAL",2014-05-03,"federal"
"03/04/2014","MEXICO","VERACRUZ","30","TEMAPACHE","2230","MEXICO","MEXICO","MUJER","24","CASA HABITACIÓN","AGENTE DEL MINISTERIO PUBLICO DE LA FEDERACION","25/04/2014","DISTRITO FEDERAL",2014-04-03,"federal"
"03/04/2010","MEXICO","COAHUILA","5","TORREON   ","67","MEXICO","MEXICO","HOMBRE","21","VÍA PÚBLICA","AGENTE DEL MINISTERIO PUBLICO DE LA FEDERACION","30/07/2014","COAHUILA",2010-04-03,"federal"
"03/02/2010","MEXICO","CHIHUAHUA","8","JUAREZ","235","MEXICO","MEXICO","HOMBRE","23","DESCONOCIDO","AGENTE DEL MINISTERIO PUBLICO DE LA FEDERACION","28/02/2014","DISTRITO FEDERAL",2010-02-03,"federal"
"02/12/2009","MEXICO","MICHOACAN","16","LAZARO CARDENAS","824","MEXICO","MEXICO","HOMBRE","28","VÍA PÚBLICA","AGENTE DEL MINISTERIO PUBLICO DE LA FEDERACION","28/05/2014","DISTRITO FEDERAL",2009-12-02,"federal"
"02/10/2013","MEXICO","MICHOACAN","16","ACUITZIO","773","MEXICO","MEXICO","HOMBRE","20","VÍA PÚBLICA","AGENTE DEL MINISTERIO PUBLICO DE LA FEDERACION","17/03/2014","DISTRITO FEDERAL",2013-10-02,"federal"
"02/09/2013","MEXICO","TAMAULIPAS","28","VICTORIA","2008","MEXICO","MEXICO","HOMBRE","24"," ","AGENTE DEL MINISTERIO PUBLICO DE LA FEDERACION","07/02/2014","TAMAULIPAS",2013-09-02,"federal"
"02/08/2012","MEXICO","TAMAULIPAS","28","MATAMOROS","1989","MEXICO","MEXICO","HOMBRE","32","CARRETERA","AGENTE DEL MINISTERIO PUBLICO DE LA FEDERACION","09/10/2014","DISTRITO FEDERAL",2012-08-02,"federal"
"02/07/2013","MEXICO","GUERRERO","12","COCULA","383","MEXICO","MEXICO","HOMBRE","29","CASA HABITACIÓN","AGENTE DEL MINISTERIO PUBLICO DE LA FEDERACION","02/12/2014","DISTRITO FEDERAL",2013-07-02,"federal"
"02/05/2005","MEXICO","SINALOA","25","SINALOA","1877","MEXICO","MEXICO","MUJER","23"," ","AGENTE DEL MINISTERIO PUBLICO DE LA FEDERACION","25/07/2014","DISTRITO FEDERAL",2005-05-02,"federal"
"02/04/2013","MEXICO","GUERRERO","12","IGUALA DE LA INDEPENDENCIA","401","MEXICO","MEXICO","HOMBRE","NO DISPONIBLE","DESCONOCIDO","AGENTE DEL MINISTERIO PUBLICO DE LA FEDERACION","02/12/2014","DISTRITO FEDERAL",2013-04-02,"federal"
"02/04/2013","MEXICO","GUERRERO","12","IGUALA DE LA INDEPENDENCIA","401","MEXICO","MEXICO","HOMBRE","NO DISPONIBLE","DESCONOCIDO","AGENTE DEL MINISTERIO PUBLICO DE LA FEDERACION","02/12/2014","DISTRITO FEDERAL",2013-04-02,"federal"
"02/04/2011","MEXICO","COAHUILA","5","TORREON   ","67","MEXICO","MEXICO","HOMBRE","36","VÍA PÚBLICA","AGENTE DEL MINISTERIO PUBLICO DE LA FEDERACION","30/07/2014","COAHUILA",2011-04-02,"federal"
"02/04/2011","MEXICO","NUEVO LEON","19","MONTERREY","977","MEXICO","MEXICO","HOMBRE","24","VÍA PÚBLICA","AGENTE DEL MINISTERIO PUBLICO DE LA FEDERACION","23/09/2014","DISTRITO FEDERAL",2011-04-02,"federal"
"02/04/2011","MEXICO","NUEVO LEON","19","MONTERREY","977","MEXICO","MEXICO","HOMBRE","25","VÍA PÚBLICA","AGENTE DEL MINISTERIO PUBLICO DE LA FEDERACION","23/09/2014","DISTRITO FEDERAL",2011-04-02,"federal"
"02/04/2010","MEXICO","NUEVO LEON","19","SAN NICOLAS DE LOS GARZA","984","MEXICO","MEXICO","HOMBRE","39","VÍA PÚBLICA","AGENTE DEL MINISTERIO PUBLICO DE LA FEDERACION","19/05/2014","DISTRITO FEDERAL",2010-04-02,"federal"
"02/01/2014","MEXICO","CHIHUAHUA","8","GUADALUPE","226","MEXICO","MEXICO","HOMBRE","NO DISPONIBLE","DESCONOCIDO","AGENTE DEL MINISTERIO PUBLICO DE LA FEDERACION","15/08/2014","DISTRITO FEDERAL",2014-01-02,"federal"
"02/01/2014","MEXICO","GUERRERO","12","IGUALA DE LA INDEPENDENCIA","401","MEXICO","MEXICO","HOMBRE","45","DESCONOCIDO","AGENTE DEL MINISTERIO PUBLICO DE LA FEDERACION","02/12/2014","DISTRITO FEDERAL",2014-01-02,"federal"
"01/12/2012","MEXICO","VERACRUZ","30","LA ANTIGUA","2086","MEXICO","MEXICO","HOMBRE","NO DISPONIBLE","VÍA PÚBLICA","AGENTE DEL MINISTERIO PUBLICO DE LA FEDERACION","27/11/2014","DISTRITO FEDERAL",2012-12-01,"federal"
"01/12/2012","MEXICO","VERACRUZ","30","LA ANTIGUA","2086","MEXICO","MEXICO","HOMBRE","NO DISPONIBLE","VÍA PÚBLICA","AGENTE DEL MINISTERIO PUBLICO DE LA FEDERACION","27/11/2014","DISTRITO FEDERAL",2012-12-01,"federal"
"01/12/2012","MEXICO","VERACRUZ","30","LA ANTIGUA","2086","MEXICO","MEXICO","HOMBRE","NO DISPONIBLE","VÍA PÚBLICA","AGENTE DEL MINISTERIO PUBLICO DE LA FEDERACION","27/11/2014","DISTRITO FEDERAL",2012-12-01,"federal"
"01/12/2012","MEXICO","GUERRERO","12","TAXCO DE ALARCON","421","MEXICO","MEXICO","HOMBRE","26","LOCAL COMERCIAL","AGENTE DEL MINISTERIO PUBLICO DE LA FEDERACION","02/12/2014","DISTRITO FEDERAL",2012-12-01,"federal"
"01/11/2014","MEXICO","DISTRITO FEDERAL","9","AZCAPOTZALCO","266","GUATEMALA","GUATEMALA","HOMBRE","NO DISPONIBLE","DESCONOCIDO","AGENTE DEL MINISTERIO PUBLICO DE LA FEDERACION","19/01/2015","DISTRITO FEDERAL",2014-11-01,"federal"
"01/10/2013","MEXICO","GUANAJUATO","11","CORTAZAR","331","MEXICO","MEXICO","HOMBRE","20","DESCONOCIDO","AGENTE DEL MINISTERIO PUBLICO DE LA FEDERACION","20/03/2014","DISTRITO FEDERAL",2013-10-01,"federal"
"01/10/2013","MEXICO","VERACRUZ","30","VERACRUZ","2263","MEXICO","MEXICO","HOMBRE","37","VÍA PÚBLICA","AGENTE DEL MINISTERIO PUBLICO DE LA FEDERACION","01/08/2014","VERACRUZ",2013-10-01,"federal"
"01/10/2013","MEXICO","DISTRITO FEDERAL","9","XOCHIMILCO","277","MEXICO","MEXICO","HOMBRE","34","DESCONOCIDO","AGENTE DEL MINISTERIO PUBLICO DE LA FEDERACION","05/11/2014","DISTRITO FEDERAL",2013-10-01,"federal"
"01/10/2013","MEXICO","GUANAJUATO","11","CORTAZAR","331","MEXICO","MEXICO","HOMBRE","42","DESCONOCIDO","AGENTE DEL MINISTERIO PUBLICO DE LA FEDERACION","20/03/2014","DISTRITO FEDERAL",2013-10-01,"federal"
"01/10/2013","MEXICO","DISTRITO FEDERAL","9","XOCHIMILCO","277","ESTADOS UNIDOS DE AMERICA","ESTADOS UNIDOS DE AMERICA","HOMBRE","7","DESCONOCIDO","AGENTE DEL MINISTERIO PUBLICO DE LA FEDERACION","05/11/2014","DISTRITO FEDERAL",2013-10-01,"federal"
"01/10/2013","MEXICO","DISTRITO FEDERAL","9","XOCHIMILCO","277","ESTADOS UNIDOS DE AMERICA","ESTADOS UNIDOS DE AMERICA","HOMBRE","8","DESCONOCIDO","AGENTE DEL MINISTERIO PUBLICO DE LA FEDERACION","05/11/2014","DISTRITO FEDERAL",2013-10-01,"federal"
"01/10/2013","MEXICO","DISTRITO FEDERAL","9","XOCHIMILCO","277","ESTADOS UNIDOS DE AMERICA","ESTADOS UNIDOS DE AMERICA","HOMBRE","12","DESCONOCIDO","AGENTE DEL MINISTERIO PUBLICO DE LA FEDERACION","05/11/2014","DISTRITO FEDERAL",2013-10-01,"federal"
"01/09/2014","MEXICO","VERACRUZ","30","XALAPA","2157","MEXICO","MEXICO","HOMBRE","NO DISPONIBLE","VÍA PÚBLICA","AGENTE DEL MINISTERIO PUBLICO DE LA FEDERACION","04/12/2014","VERACRUZ",2014-09-01,"federal"
"01/09/2014","MEXICO","VERACRUZ","30","XALAPA","2157","MEXICO","MEXICO","HOMBRE","NO DISPONIBLE","VÍA PÚBLICA","AGENTE DEL MINISTERIO PUBLICO DE LA FEDERACION","04/12/2014","VERACRUZ",2014-09-01,"federal"
"01/09/2014","MEXICO","TAMAULIPAS","28","REYNOSA","1999","MEXICO","MEXICO","MUJER","NO DISPONIBLE","INMUEBLE (OTROS)","AGENTE DEL MINISTERIO PUBLICO DE LA FEDERACION","01/09/2014","TAMAULIPAS",2014-09-01,"federal"
"01/09/2011","MEXICO","TAMAULIPAS","28","TAMPICO","2005","MEXICO","MEXICO","HOMBRE","NO DISPONIBLE","DESCONOCIDO","AGENTE DEL MINISTERIO PUBLICO DE LA FEDERACION","11/09/2014","TAMAULIPAS",2011-09-01,"federal"
"01/07/2013","MEXICO","GUERRERO","12","COCULA","383","MEXICO","MEXICO","HOMBRE","15","CASA HABITACIÓN","AGENTE DEL MINISTERIO PUBLICO DE LA FEDERACION","04/12/2014","DISTRITO FEDERAL",2013-07-01,"federal"
"01/07/2013","MEXICO","GUERRERO","12","COCULA","383","MEXICO","MEXICO","MUJER","18","DESCONOCIDO","AGENTE DEL MINISTERIO PUBLICO DE LA FEDERACION","02/12/2014","DISTRITO FEDERAL",2013-07-01,"federal"
"01/05/2012","MEXICO","TAMAULIPAS","28","TAMPICO","2005","MEXICO","MEXICO","MUJER","22","DESCONOCIDO","AGENTE DEL MINISTERIO PUBLICO DE LA FEDERACION","04/09/2014","TAMAULIPAS",2012-05-01,"federal"
"01/05/2012","MEXICO","TAMAULIPAS","28","TAMPICO","2005","MEXICO","MEXICO","MUJER","NO DISPONIBLE","DESCONOCIDO","AGENTE DEL MINISTERIO PUBLICO DE LA FEDERACION","04/09/2014","TAMAULIPAS",2012-05-01,"federal"
"01/05/2012","MEXICO","TAMAULIPAS","28","TAMPICO","2005","MEXICO","MEXICO","MUJER","22"," ","AGENTE DEL MINISTERIO PUBLICO DE LA FEDERACION","04/09/2014","TAMAULIPAS",2012-05-01,"federal"
"01/05/2010","MEXICO","GUERRERO","12","IGUALA DE LA INDEPENDENCIA","401","MEXICO","MEXICO","HOMBRE","29","DESCONOCIDO","AGENTE DEL MINISTERIO PUBLICO DE LA FEDERACION","02/12/2014","DISTRITO FEDERAL",2010-05-01,"federal"
"01/03/2014","MEXICO","SAN LUIS POTOSI","24","MATEHUALA","1822","MEXICO","MEXICO","MUJER","20","DESCONOCIDO","AGENTE DEL MINISTERIO PUBLICO DE LA FEDERACION","07/07/2014","DISTRITO FEDERAL",2014-03-01,"federal"
"01/03/2013","MEXICO","BAJA CALIFORNIA SUR","3","COMONDU","17","MEXICO","MEXICO","HOMBRE","22"," ","AGENTE DEL MINISTERIO PUBLICO DE LA FEDERACION","02/06/2014","BAJA CALIFORNIA SUR",2013-03-01,"federal"
"01/03/2012","MEXICO","GUERRERO","12","TAXCO DE ALARCON","421","MEXICO","MEXICO","HOMBRE","24","DESCONOCIDO","AGENTE DEL MINISTERIO PUBLICO DE LA FEDERACION","02/12/2014","DISTRITO FEDERAL",2012-03-01,"federal"
"01/02/2009","MEXICO","CHIHUAHUA","8","GUADALUPE","226","MEXICO","MEXICO","MUJER","NO DISPONIBLE","DESCONOCIDO","AGENTE DEL MINISTERIO PUBLICO DE LA FEDERACION","15/08/2014","DISTRITO FEDERAL",2009-02-01,"federal"
"01/02/2009","MEXICO","CHIHUAHUA","8","GUADALUPE","226","MEXICO","MEXICO","HOMBRE","NO DISPONIBLE","DESCONOCIDO","AGENTE DEL MINISTERIO PUBLICO DE LA FEDERACION","15/08/2014","DISTRITO FEDERAL",2009-02-01,"federal"
"01/01/2014","MEXICO","VERACRUZ","30","VERACRUZ","2263","MEXICO","MEXICO","HOMBRE","29","DESCONOCIDO","AGENTE DEL MINISTERIO PUBLICO DE LA FEDERACION","02/06/2014","VERACRUZ",2014-01-01,"federal"
"01/01/2014","MEXICO","VERACRUZ","30","VERACRUZ","2263","MEXICO","MEXICO","HOMBRE","19","VÍA PÚBLICA","AGENTE DEL MINISTERIO PUBLICO DE LA FEDERACION","13/05/2014","VERACRUZ",2014-01-01,"federal"
"01/01/2014","MEXICO","VERACRUZ","30","VERACRUZ","2263","MEXICO","MEXICO","HOMBRE","29","VÍA PÚBLICA","AGENTE DEL MINISTERIO PUBLICO DE LA FEDERACION","14/05/2014","VERACRUZ",2014-01-01,"federal"
"01/01/2013","MEXICO","TAMAULIPAS","28","MATAMOROS","1989","MEXICO","MEXICO","HOMBRE","NO DISPONIBLE","CARRETERA","AGENTE DEL MINISTERIO PUBLICO DE LA FEDERACION","18/03/2014","DISTRITO FEDERAL",2013-01-01,"federal"
"01/01/2013","MEXICO","TAMAULIPAS","28","MATAMOROS","1989","MEXICO","MEXICO","HOMBRE","NO DISPONIBLE","CARRETERA","AGENTE DEL MINISTERIO PUBLICO DE LA FEDERACION","18/03/2014","DISTRITO FEDERAL",2013-01-01,"federal"
"01/01/2013","MEXICO","TAMAULIPAS","28","MATAMOROS","1989","MEXICO","MEXICO","HOMBRE","NO DISPONIBLE","CARRETERA","AGENTE DEL MINISTERIO PUBLICO DE LA FEDERACION","18/03/2014","DISTRITO FEDERAL",2013-01-01,"federal"
"01/01/2007","EXTRANJERO","EXTRANJERO","34","EXTRANJERO","2445","ARGENTINA","ARGENTINA","HOMBRE","8"," ","AGENTE DEL MINISTERIO PUBLICO DE LA FEDERACION","14/05/2014","DISTRITO FEDERAL",2007-01-01,"federal"
